dataset_name,IDMAP,IPCA,LAMP,LMDS,MDS,PBC,TSNE,UMAP,tempo
base_5_6_10,0.7884498171978666,0.6922358676775013,0.7503681221713956,0.7179911952279621,0.8029514440813749,0.7569596351543894,0.8662710069939342,0.8200233915347521,344.07140158499897
