dataset_name,IDMAP,IPCA,LAMP,LMDS,MDS,PBC,TSNE,UMAP,tempo
data_k6d24n15,0.883946520649036,0.8725438562263109,0.8868352437782174,0.8781606473226236,0.8930243446713249,0.9076889951515424,0.8869076140944145,0.91249128352508,339.4080196070063
