dataset_name,IDMAP,IPCA,LAMP,LMDS,MDS,PBC,TSNE,UMAP,tempo
ellipsoid-50d4c-2,0.9596733411750693,0.9382482927945619,0.9592835181552422,0.9426225994902275,0.9603077268150555,0.9406597748173289,0.9524722843516316,0.8917166201942865,646.7590505229891
