dataset_name,IDMAP,IPCA,LAMP,LMDS,MDS,PBC,TSNE,UMAP,tempo
g2-512-30,0.8525318431460732,0.8164423848340954,0.8168283582516495,0.8143694571709371,0.8531412964792995,0.8065506905771075,0.8919306528957687,0.8751250829842439,1990.664147470001
