dataset_name,IDMAP,IPCA,LAMP,LMDS,MDS,PBC,TSNE,UMAP,tempo
heart-long-beach,0.7362404001865859,0.690170617865957,0.691605085069128,0.6862571179823742,0.7325428451410394,0.7269732277123235,0.8066667849219182,0.7558408709969666,185.44820205099677
