dataset_name,IDMAP,IPCA,LAMP,LMDS,MDS,PBC,TSNE,UMAP,tempo
kdd_synthetic_control,0.913393979060429,0.8697537314227907,0.9049269958794591,0.8636339471584172,0.8933746547873703,0.9210648780824424,0.9324610559213126,0.8899988480495253,244.269042393
