dataset_name,IDMAP,IPCA,LAMP,LMDS,MDS,PBC,TSNE,UMAP,tempo
thoracic-surgery2,0.8286127207279185,0.7493387248079995,0.7455413579859163,0.7458479691786807,0.8306236547286329,0.8307940332247921,0.839136898538403,0.944530896658021,215.34414869000102
