dataset_name,IDMAP,IPCA,LAMP,LMDS,MDS,PBC,TSNE,UMAP,tempo
thoracic-surgery1,0.85949841047956,0.790875972086003,0.7962514648157903,0.7882400222473029,0.8432866662572165,0.8559900287151893,0.8355289219458962,0.8118429652650383,331.5044937710045
