,IDMAP,IncrementalPCA,LAMP,LandmarkMDS,MDS,ProjectionByClustering,MTSNE,UMAP
mq1,0.9656045579236128,0.9302947175916156,0.9810789899416192,0.9216431033270028,0.9632833931209116,0.9383132869100372,0.9959203770134346,0.998663571780263
mq2,0.9712856662327976,0.932641858826102,0.969366300419871,0.9310803827797848,0.9640099671499118,0.9457069593855356,0.9988117697610656,0.9956944934839548
mq3,0.9809976481927576,0.9811377677122006,0.9890539286045084,0.9809820832262588,0.9306286505417792,0.9851843804342452,0.998356659890509,0.9892983368815884
mq4,0.293012591900653,0.4509850794551891,0.307557592045593,0.4516868176221785,0.2943607978035648,0.0023483245291856,0.0456447222143344,0.2044166231000974
mq5,0.7412945568764835,0.6733241144745841,0.7377441159575272,0.7053350421972507,0.7500980254471338,0.685023228414588,0.4921858910364328,0.5271190432606837
