,IDMAP,IncrementalPCA,LAMP,LandmarkMDS,MDS,ProjectionByClustering,MTSNE,UMAP
mq1,0.9004287097220302,0.9031945788964182,0.9012584704743466,0.9015350573917854,0.8962799059604482,0.9052689807772092,0.9001521228045913,0.9488314202738212
mq2,0.7914803922338074,0.7684936378243165,0.781895518885988,0.7647686453276161,0.7785318214331045,0.8800615473549549,0.9222809706306372,0.9052800767298658
mq3,0.916635160475892,0.9082172565879512,0.933735917950572,0.911185153290586,0.9026372102501704,0.9059766860503036,0.9380234211203612,0.9251756611090378
mq4,0.3092740876095365,0.6141214587739121,0.5344975035569574,0.6180016194866962,0.2965666470676482,0.3826310703141888,0.0028901836336803,0.0
mq5,0.7657164277630738,0.8034694514962185,0.7437941418913095,0.8000376223189137,0.8169518432381457,0.6622389448564437,0.5543873296717244,0.3874999846550999
