,IDMAP,IncrementalPCA,LAMP,LandmarkMDS,MDS,ProjectionByClustering,MTSNE,UMAP
mq1,0.7722567287784677,0.7474120082815734,0.7556935817805381,0.7412008281573499,0.7598343685300204,0.7349896480331262,0.7784679089026914,0.979296066252588
mq2,0.8194831155850646,0.7779324623402585,0.8139144713357607,0.7590490469051189,0.8364389233954451,0.8189833654601271,0.8711001642036125,0.7956021989005497
mq3,0.8737060041407867,0.8211608481473549,0.8341543513957307,0.8154494181480688,0.8873777397015777,0.7954951095880631,0.9060469765117442,0.7509816520311273
mq4,0.3268024635341366,0.5981398669482075,0.5986425070992565,0.6641287994096372,0.3180157843944793,0.471493471758198,0.0009636083672994,0.015841644425957
mq5,0.7185474773696973,0.7354419566399688,0.5332249268236077,0.6501764331408485,0.7574134874111409,0.9035174732253513,0.7027532974454759,0.3567780784238614
