,IDMAP,IncrementalPCA,LAMP,LandmarkMDS,MDS,ProjectionByClustering,MTSNE,UMAP
mq1,0.6352288488210819,0.6622746185852981,0.6595006934812759,0.6567267683772537,0.6262135922330095,0.6303744798890428,0.6615811373092925,1.0
mq2,0.7586578470073616,0.7033287101248267,0.7242007183754757,0.7098438778050429,0.7527863722038479,0.813866069205875,0.8232298445890679,0.7477364059888332
mq3,0.8652441409722963,0.8195170525267612,0.8483587609801202,0.8477115117891817,0.856090188129023,0.8384650947757744,0.8881432483374231,0.635986343753334
mq4,0.3433389534864528,0.6714454310554161,0.6536251422943774,0.7291441502551721,0.3300094987196608,0.5044008866225171,0.0009586612266815,0.0
mq5,0.7595407707296002,0.5301652369088253,0.4974408687130915,0.4798847518883318,0.7271687400453752,0.4996697197215822,0.5598218206276675,0.0419895578491439
