,IDMAP,IncrementalPCA,LAMP,LandmarkMDS,MDS,ProjectionByClustering,MTSNE,UMAP
mq1,0.7249240121580547,0.7021276595744681,0.6960486322188448,0.7158054711246201,0.702127659574468,0.7446808510638296,0.6732522796352581,0.9848024316109424
mq2,0.7177280550774527,0.671640971179551,0.6562602995568902,0.656718057640898,0.6942542205295346,0.7527373933423664,0.7709378547625151,0.6838173362141575
mq3,0.833485919361336,0.7608122459442634,0.7522430146116381,0.7867213534991028,0.8128135642875454,0.7545867360017577,0.848994763247519,0.6889991577251254
mq4,0.3545105074110037,0.686730803628694,0.7432860307003734,0.7511002395348756,0.3451478090947456,0.5816496196083362,0.1123744311506744,0.0162422741862269
mq5,0.6657599391640688,0.4412442239994743,0.3912925929325994,0.3242407890343756,0.6527381390218499,0.3327191652830952,0.5988171423066633,0.0677136297635782
