,IDMAP,IncrementalPCA,LAMP,LandmarkMDS,MDS,ProjectionByClustering,MTSNE,UMAP
mq1,0.2079047619047618,0.1919999999999999,0.1894285714285713,0.1882857142857142,0.1723809523809523,0.2079047619047618,0.2557142857142857,0.4353333333333333
mq2,0.5830776168089802,0.5520701653394736,0.5482870574690588,0.5524326969202724,0.5196044644855928,0.5912882407496243,0.5990887460424063,0.6007109277559244
mq3,0.7515686462630721,0.2026313601330391,0.7064937158207809,0.2004034666922511,0.716975726758131,0.5149674118136174,0.8015525920240494,0.7469525088746043
mq4,0.3892413653236414,0.8171949447522147,0.9123286034562342,0.8263460334707874,0.3886433198406983,0.8420901633314221,0.0,0.7426983234553863
mq5,0.5488341236745768,0.1714432690902876,0.2421188484555455,0.1659216621480877,0.489654124859181,0.9126404277862644,0.0556653514452821,0.104947750629141
