,IDMAP,IncrementalPCA,LAMP,LandmarkMDS,MDS,ProjectionByClustering,MTSNE,UMAP
mq1,0.8668098818474758,0.8838166845685642,0.8900823487289653,0.8811313999283924,0.8548156104547081,0.8401360544217685,0.9357321876118868,0.992481203007519
mq2,0.9262200700516948,0.9234601752156758,0.9473795670879868,0.9328828970229168,0.9277134113191856,0.9114752300973892,0.994809587046214,0.9881376612706207
mq3,0.9507481719364668,0.9675518438499588,0.9735875357298674,0.9674938389720898,0.923992455271415,0.945030483269346,0.9939197239786706,0.9544757246174068
mq4,0.2953147158227188,0.491292884984531,0.3941512951618069,0.4927423577346806,0.2957948912722465,0.0,0.0070221763586851,0.0104932296083379
mq5,0.7957593340574999,0.7679250154360567,0.7517024482191619,0.7641055050165435,0.8005650329189042,0.6420032484389517,0.6776364995710512,0.4604950273636632
