,IDMAP,IncrementalPCA,LAMP,LandmarkMDS,MDS,ProjectionByClustering,MTSNE,UMAP
mq1,0.8306418219461698,0.8312629399585921,0.8215320910973085,0.8314699792960664,0.8306418219461698,0.8267080745341614,0.8302277432712216,0.9062111801242236
mq2,0.9659671847223874,0.9787755711876862,0.9782806892366988,0.9717581878112068,0.97028177474486,0.9669148699372174,0.9963486066770948,0.984669331650186
mq3,0.9876502102409768,0.989510515098016,0.9908433117756292,0.9911893937314952,0.974066417243724,0.9873254725467058,0.9969983869836594,0.9785017548032212
mq4,0.2781366414237444,0.394287039560889,0.316116808787187,0.3897106226491948,0.2708159123618877,0.2071449593609756,0.0028252438715101,0.0270623901726501
mq5,0.8104394806853126,0.7342052881908069,0.7452634242381155,0.7413441581453287,0.8083023326918499,0.704903845323719,0.5768189831665136,0.5284529553273004
