,IDMAP,IncrementalPCA,LAMP,LandmarkMDS,MDS,ProjectionByClustering,MTSNE,UMAP
mq1,0.43,0.4314285714285714,0.4317142857142856,0.4182857142857142,0.4257142857142856,0.4262857142857142,0.4377142857142856,0.9174285714285716
mq2,0.965298860648554,0.9511107215892493,0.9690376862401402,0.9603815366637452,0.9707408705813614,0.9378194566170026,0.991958515921706,0.9481951504528192
mq3,0.958710487876132,0.9749003797838154,0.9714133800759568,0.9758422436459246,0.9604907975460124,0.971252118025124,0.9870587204206837,0.9402348816827344
mq4,0.3247424838888295,0.5035335172640882,0.4374656517083972,0.5063971948841682,0.3152799539915061,0.0114621195955828,0.0002179640805538,0.238700191082922
mq5,0.7320174702125886,0.6427887033746987,0.5548340747549448,0.6574319924331145,0.7334638739204399,0.5721222461608579,0.5751598812317197,0.4227482426459708
