,IDMAP,IncrementalPCA,LAMP,LandmarkMDS,MDS,ProjectionByClustering,MTSNE,UMAP
mq1,0.9389038634321653,0.9389038634321653,0.9317160826594788,0.9218328840970348,0.9371069182389936,0.9092542677448336,0.9487870619946092,0.9874213836477987
mq2,0.9356317233675724,0.9242065515650422,0.9285714285714286,0.8920679439547364,0.9376775697530416,0.896523882372939,0.9647774459095214,0.9616874286685608
mq3,0.9708542774580512,0.967916029236784,0.9721898448313544,0.9562358854811684,0.966738301643962,0.9114700954323596,0.9685534591194968,0.931782861028144
mq4,0.1788090083022526,0.274122448483765,0.2386111653050612,0.3218634143472149,0.1776179534403428,0.0916823773011886,0.0,0.0
mq5,0.9328894778220592,0.916907352849761,0.9154187630838502,0.8347209941631099,0.9385735781124636,0.6477168729138352,0.8458647618489586,0.6044998228304114
