,IDMAP,IncrementalPCA,LAMP,LandmarkMDS,MDS,ProjectionByClustering,MTSNE,UMAP
mq1,1.0,0.999514091350826,0.9961127308066084,0.9936831875607384,1.0,0.9951409135082604,1.0,0.9951409135082604
mq2,0.9895967473309364,0.9832404440827316,0.9835666725044384,0.9859927817669218,0.9857403839880222,0.957983496275845,0.9947580243606782,0.9820196629888704
mq3,0.9942120210022424,0.9907488487570696,0.9894473690536284,0.992397160782536,0.9912090025308458,0.9763638923514888,0.9958654840027884,0.9824780997709534
mq4,0.2156865331146841,0.345894361958623,0.2913600341784972,0.3347215690487519,0.2098758429049579,0.1616018759539715,0.0068208064538625,0.0607639914475819
mq5,0.8996307343392644,0.844304016729595,0.802779185002688,0.8566048101263876,0.9000700797519339,0.7521616455285632,0.4952236212606755,1.0
