,IDMAP,IncrementalPCA,LAMP,LandmarkMDS,MDS,ProjectionByClustering,MTSNE,UMAP
mq1,0.8498577672934157,0.8474987858183585,0.8453479497675709,0.8514535488794839,0.846943731353639,0.8481232220911676,0.8542982030111704,0.967668077430098
mq2,0.8746549203626934,0.851445790855044,0.877017018598661,0.8655298236075939,0.892355750884618,0.8601204817807708,0.9767659702829043,0.9379690386391626
mq3,0.9021465471167522,0.9087573663966558,0.9082074274851696,0.9091015990880628,0.902474823347412,0.8973310159990113,0.9366761249067682,0.8982855917834593
mq4,0.364674945790889,0.6148307392130543,0.5652856829295184,0.622578213924024,0.3539703949348544,0.4498750886948303,0.0,0.0
mq5,0.6158802089774638,0.5190827313409607,0.5499331662270687,0.5099691757772533,0.6502565080274876,0.5131868039540192,0.5148205994496386,0.3933609996178664
