,IDMAP,IncrementalPCA,LAMP,LandmarkMDS,MDS,ProjectionByClustering,MTSNE,UMAP
mq1,0.9382857142857142,0.9388571428571428,0.952,0.9528571428571428,0.9474285714285714,0.9531428571428572,0.9611428571428572,0.9962857142857142
mq2,0.815986561495764,0.8029576394975169,0.812218521764534,0.8019696172947707,0.8211907683318727,0.8825270230791703,0.9455781478235464,0.883530820917324
mq3,0.8973374233128835,0.910237218813906,0.9134373356704644,0.9069307624890448,0.9009512123867952,0.8627817703768624,0.9284592462751972,0.9159941571720712
mq4,0.297921283496412,0.4440302803899821,0.3957339514140922,0.4469055950888673,0.2820444934746912,0.2919700920287248,0.0,0.0
mq5,0.7885140697440137,0.7261642602946443,0.7409141963158239,0.7275402726958473,0.7954105419741582,0.5603713128165289,0.6131269543834225,0.5121939844951637
