,IDMAP,IncrementalPCA,LAMP,LandmarkMDS,MDS,ProjectionByClustering,MTSNE,UMAP
mq1,0.7311428571428571,0.6091428571428571,0.7697142857142857,0.6645714285714286,0.7682857142857142,0.8837142857142858,0.984,0.9974285714285714
mq2,0.8934098743791995,0.7990943616710489,0.8949664037394098,0.8439100204498977,0.905762781186094,0.9449149868536372,0.9860111013730646,0.9778550978673678
mq3,0.9460192813321648,0.9281711948583116,0.9573017820625184,0.940583114227286,0.9423125912941864,0.944723926380368,0.9841928133216477,0.9686538124452236
mq4,0.2875358958390925,0.498897931880525,0.3442445690737831,0.4547679181709951,0.2835112557893535,0.3694754784699244,0.0,0.0190251531150815
mq5,0.7795126810297508,0.5943193038118052,0.7284108463209348,0.694934826160812,0.7804133642838599,0.5661710478426494,0.5815646987686567,0.3007527402627146
