,IDMAP,IncrementalPCA,LAMP,LandmarkMDS,MDS,ProjectionByClustering,MTSNE,UMAP
mq1,0.8611428571428571,0.8082857142857144,0.8625714285714287,0.7891428571428571,0.8822857142857142,0.8905714285714287,0.9711428571428572,0.9934285714285712
mq2,0.9100438212094654,0.8871767455448437,0.9020905638328952,0.8793000292141396,0.9209167397020158,0.9222401402278704,0.9784312007011392,0.9749763365468886
mq3,0.9483838737949168,0.947307624890447,0.956569091440257,0.9474951796669588,0.9525328659070992,0.9331107215892492,0.9754677183756938,0.951375985977213
mq4,0.2710089596557379,0.3912142346456355,0.306974614506337,0.3923966831098952,0.254472613908761,0.2614458362817582,0.0080592524020412,0.0830741621901283
mq5,0.8314243151279697,0.7810139159385119,0.809959975313952,0.7755066750654428,0.8499763512613008,0.6526398445584503,0.676332195399105,0.4269966104683891
