,IDMAP,IncrementalPCA,LAMP,LandmarkMDS,MDS,ProjectionByClustering,MTSNE,UMAP
mq1,1.0,1.0,1.0,0.976,1.0,0.9157142857142858,1.0,1.0
mq2,0.9858732106339468,0.9860876424189308,0.9860023371311716,0.9832544551562956,0.9856096990943616,0.9691235758106924,0.9860946538124452,0.9902085889570552
mq3,0.9870639789658194,0.987289512123868,0.9870809231668128,0.9866999707858604,0.9870411919368974,0.985973122991528,0.9874163014899212,0.991390008764242
mq4,0.3177487695312136,0.5240505651616132,0.3154716262366371,0.5549135813105499,0.3105129053076552,0.0877826104700627,0.0,0.1432238947043129
mq5,0.7344300184672805,0.630728265084655,0.690039157452156,0.5772168417661373,0.7097270647181788,0.6601853512900238,0.6944328768889863,0.7962541293930647
