,IDMAP,IncrementalPCA,LAMP,LandmarkMDS,MDS,ProjectionByClustering,MTSNE,UMAP
mq1,1.0,0.9994285714285714,1.0,0.9994285714285714,1.0,0.9197142857142856,1.0,1.0
mq2,0.9860309669880222,0.9854513584574934,0.985276073619632,0.985631317557698,0.986701723634239,0.9754203914694712,0.9864119193689744,0.9898293894244814
mq3,0.9873701431492844,0.9868179959100204,0.9874274028629856,0.987580484954718,0.9880426526438796,0.98605083260298,0.9876319018404908,0.991156879929886
mq4,0.3129780494300496,0.5214862106565099,0.3197036185052282,0.5344446262669712,0.2979899181283614,0.0353789084170115,0.0025598968103606,0.0011606094698173
mq5,0.7062888954206846,0.6913003592642251,0.7022790525849018,0.641548645928375,0.7468311429136494,0.619680532625981,0.6885408461550007,0.8280802707527535
