,IDMAP,IncrementalPCA,LAMP,LandmarkMDS,MDS,ProjectionByClustering,MTSNE,UMAP
mq1,1.0,1.0,1.0,1.0,1.0,1.0,1.0,1.0
mq2,0.8277657026000584,0.8188086473853345,0.8248320186970494,0.8223499853929301,0.8266082383873795,0.8637183756938358,0.9214589541338007,0.9016733859187848
mq3,0.8681963190184049,0.8626444639205375,0.867854513584575,0.8640204498977505,0.8587595676307332,0.850022787028922,0.9203026584867076,0.905366637452527
mq4,0.2653070036546257,0.4029100706217487,0.3778479767679919,0.4024956423975118,0.2525337103269393,0.2303498630476761,0.0,0.0
mq5,0.8882067485584881,0.8937794112986978,0.8941431470084952,0.8949647013518354,0.8880482172228448,0.7972847934841949,0.8347102895642768,0.7990579706177124
