,IDMAP,IncrementalPCA,LAMP,LandmarkMDS,MDS,ProjectionByClustering,MTSNE,UMAP
mq1,1.0,1.0,1.0,0.998,1.0,1.0,1.0,1.0
mq2,0.918520011685656,0.9103295354951796,0.9139444931346772,0.9134163014899211,0.9204978089395268,0.9074087058136138,0.96491557113643,0.950373940987438
mq3,0.9342676015191352,0.926965235173824,0.9308875255623722,0.9280309669880222,0.9357890739117734,0.9264218521764536,0.9670178206251826,0.9562021618463336
mq4,0.1225116105049914,0.1975419021236467,0.1279324207303552,0.2412714139210264,0.1184472777191816,0.1357145806250116,0.0014132623989298,0.1008585122544256
mq5,0.9359926430352914,0.9246731448634024,0.9365835975552216,0.9728082495031928,0.9405125972109996,0.8893114321583274,0.3205931046493649,0.83428092272968
