,IDMAP,IncrementalPCA,LAMP,LandmarkMDS,MDS,ProjectionByClustering,MTSNE,UMAP
mq1,1.0,0.9994285714285714,1.0,1.0,1.0,0.9091428571428573,1.0,1.0
mq2,0.9866070698217938,0.9858375693835816,0.9863710195734736,0.9860490797546012,0.9868945369558868,0.9620122699386504,0.9867852760736197,0.9905433829973708
mq3,0.987686240140228,0.9872959392345896,0.9875092024539878,0.9873321647677477,0.9878621092608822,0.9860677768039732,0.9879479988314344,0.9918071866783524
mq4,0.3257752884597916,0.5189826185009369,0.3174774996828341,0.5357917406518301,0.3144497669205569,0.0724839243903528,0.0038749585400496,0.0
mq5,0.70126350151717,0.6543840792210158,0.7428754183629968,0.6531140437158527,0.6757557378738324,0.6814769686045867,0.6191761282771254,0.9846493781972716
