,IDMAP,IncrementalPCA,LAMP,LandmarkMDS,MDS,ProjectionByClustering,MTSNE,UMAP
mq1,1.0,1.0,1.0,1.0,1.0,1.0,1.0,1.0
mq2,0.8200613496932515,0.8167718375693835,0.8223914694712241,0.8149313467718375,0.8139310546304411,0.806159509202454,0.9176558574349986,0.8973041191936898
mq3,0.8633204791118901,0.8568104002337131,0.8727326906222612,0.858879345603272,0.851398773006135,0.8344820333041192,0.9186520595968448,0.9013274905054046
mq4,0.2424466531812503,0.3785948668490062,0.3529001160346676,0.3800712110322419,0.2395396807682508,0.1019205116806726,0.0039908079515764,0.0
mq5,0.8878449544167664,0.8918948524744754,0.8958621909961969,0.8944392455309649,0.8949745016964789,0.7735937654321663,0.8107407957599017,0.7866488223046938
