,IDMAP,IncrementalPCA,LAMP,LandmarkMDS,MDS,ProjectionByClustering,MTSNE,UMAP
mq1,0.9994285714285714,1.0,1.0,1.0,1.0,1.0,1.0,1.0
mq2,0.8157843996494303,0.8067823546596553,0.807986561495764,0.7961267893660532,0.8118878177037686,0.7916622845457202,0.9173572889278412,0.8549675723049956
mq3,0.8497014314928426,0.8600327198364008,0.8621624306164184,0.8556120362255332,0.8468150744960561,0.823626643295355,0.9145352030382704,0.909412795793164
mq4,0.3144294883880588,0.4974403772725223,0.4765760557092485,0.5070224436985635,0.3042930216374665,0.1540047396974442,0.0202955303968241,0.0
mq5,0.7806476004770638,0.8466115607202749,0.842769129356179,0.8456022115788986,0.8129409969018906,0.7210713570931917,0.7931231261016519,0.7319843346644264
