,IDMAP,IncrementalPCA,LAMP,LandmarkMDS,MDS,ProjectionByClustering,MTSNE,UMAP
mq1,1.0,1.0,1.0,1.0,1.0,0.9454285714285714,1.0,1.0
mq2,0.9868361086765994,0.9855588664913818,0.986245398773006,0.9859398188723342,0.9867595676307332,0.9706900379783816,0.9863406368682442,0.990669588080631
mq3,0.9880765410458662,0.9872264095822378,0.9878556821501608,0.9877288927841076,0.988049664037394,0.985695004382121,0.9872269938650308,0.9916196319018404
mq4,0.3197094244083196,0.4924735735538549,0.3102098944349284,0.5027846925184304,0.2990557772085673,0.0358771450047422,0.0,0.2045262909483027
mq5,0.7359183244640066,0.7224442173419862,0.7494719942911365,0.6915285158585418,0.7593293088382678,0.7099957203618673,0.6653795233674933,0.8592751327813131
