,IDMAP,IncrementalPCA,LAMP,LandmarkMDS,MDS,ProjectionByClustering,MTSNE,UMAP
mq1,1.0,1.0,1.0,1.0,1.0,1.0,1.0,1.0
mq2,0.9224574934268186,0.9132830850131464,0.9228308501314636,0.9114472684779432,0.9257201285422144,0.9018872334209758,0.9689225825299445,0.9554501898919076
mq3,0.9380116856558576,0.9315314052001168,0.9415606193397604,0.9313409290096408,0.9399018404907976,0.9244563248612327,0.9729418638621092,0.9659030090563832
mq4,0.162934350501394,0.2185651873403445,0.1749947311706908,0.2201393190399412,0.1546130957447123,0.0609990583414136,0.0,0.0
mq5,0.8528967009087214,0.9374140530985609,0.9338566711638376,0.9428435202632144,0.8943548550731842,0.8328821958649073,0.5142882665958728,0.7552909897360899
