,IDMAP,IncrementalPCA,LAMP,LandmarkMDS,MDS,ProjectionByClustering,MTSNE,UMAP
mq1,1.0,1.0,1.0,1.0,1.0,1.0,1.0,1.0
mq2,0.9168542214431784,0.9124498977505112,0.919093777388256,0.9133187262635116,0.9180169442009932,0.9023178498393224,0.967134092900964,0.945376570260006
mq3,0.9322313759859772,0.928588372772422,0.933116564417178,0.9287917031843412,0.9349950335962606,0.92737540169442,0.9678019281332164,0.9595226409582238
mq4,0.1309474756794224,0.1794260166378977,0.1358836498663569,0.1732068622905262,0.1237016427507656,0.0854331268867243,0.0,0.0394975290466939
mq5,0.9691523280881762,0.9657924050301736,0.9779065641782828,0.976703250393914,0.9740236842436562,0.87959540148579,0.5643671666341262,0.8124239934844104
