,IDMAP,IncrementalPCA,LAMP,LandmarkMDS,MDS,ProjectionByClustering,MTSNE,UMAP
mq1,1.0,1.0,1.0,1.0,1.0,1.0,1.0,1.0
mq2,0.8166660823838738,0.8093888401986562,0.820196319018405,0.8102080046742623,0.8181495763949752,0.838615249780894,0.9153946830265848,0.8649576394975168
mq3,0.8508688285130003,0.8587478819748758,0.8682751971954425,0.8581378907391177,0.850819748758399,0.8499339760444055,0.9204165936313176,0.9149190768331872
mq4,0.2946050921298516,0.4697298702493706,0.4367513601420114,0.4744996029724642,0.2872677761652671,0.1740879430981872,0.0032824259304529,0.0
mq5,0.8364376411658938,0.8509333520220098,0.8612082281113612,0.8522669142233672,0.8439321663031172,0.7549815097238541,0.810911470022232,0.7550554228988303
