,IDMAP,IncrementalPCA,LAMP,LandmarkMDS,MDS,ProjectionByClustering,MTSNE,UMAP
mq1,1.0,0.9997142857142858,1.0,1.0,1.0,0.9045714285714286,1.0,1.0
mq2,0.9863108384458078,0.9867496348232544,0.9861735319894828,0.9866777680397312,0.98611802512416,0.9674496056091147,0.985977212971078,0.9899228746713408
mq3,0.987093777388256,0.9879053461875548,0.9869699094361672,0.98788606485539,0.9875156295647092,0.985959100204499,0.9873017820625184,0.9907502191060472
mq4,0.3152653457053185,0.5187711043241837,0.3131867575991831,0.5338147698756162,0.3063208820362967,0.0515464613829771,0.0,0.0
mq5,0.7634019010825698,0.6415526148217343,0.7405942982301065,0.6232158657066319,0.7335635218815599,0.704023396806961,0.7103433372178307,0.5862632284078871
