,IDMAP,IncrementalPCA,LAMP,LandmarkMDS,MDS,ProjectionByClustering,MTSNE,UMAP
mq1,1.0,1.0,1.0,1.0,1.0,0.9294285714285716,1.0,1.0
mq2,0.9862202746129126,0.986132047911189,0.9851224072451066,0.9851884312007012,0.985808939526731,0.9748489628980428,0.986692375109553,0.9901361378907392
mq3,0.9872906806894536,0.9878264680105172,0.9867449605609114,0.9868606485539,0.9870715746421268,0.9878212094653812,0.988237218813906,0.991288927841075
mq4,0.3080094539595391,0.5088861780640397,0.3035422549484416,0.5218640916518638,0.2946883076899044,0.0623024067992676,0.0119960231700338,0.0370532084907786
mq5,0.7732366058293798,0.6149126374080146,0.7436363813826256,0.5645920828928596,0.7950199364493439,0.712722872105468,0.6871790297394782,0.5804559002276335
