,IDMAP,IncrementalPCA,LAMP,LandmarkMDS,MDS,ProjectionByClustering,MTSNE,UMAP
mq1,1.0,1.0,1.0,1.0,1.0,0.9568571428571429,1.0,1.0
mq2,0.978601811276658,0.9781361378907392,0.9779339760444056,0.9783423897166228,0.979238679520888,0.9649535495179667,0.9821431492842536,0.9858866491381828
mq3,0.9807303534910896,0.9802342973999416,0.9808396143733566,0.9805755185509788,0.9812299152789952,0.9796196319018404,0.983959684487292,0.9872819164475606
mq4,0.2914267974149534,0.4893170568490935,0.2986087026067461,0.5044234846090423,0.2993553410861346,0.0,0.0,0.0
mq5,0.8252813603922194,0.7929334647044652,0.755258255608878,0.709863068453147,0.7229243396192642,0.7021780683961028,0.7160899001938906,0.5000931594531642
