,IDMAP,IncrementalPCA,LAMP,LandmarkMDS,MDS,ProjectionByClustering,MTSNE,UMAP
mq1,1.0,1.0,1.0,1.0,1.0,1.0,1.0,1.0
mq2,0.8202775343266141,0.816469763365469,0.8198194566170026,0.8124405492258253,0.8196803973122991,0.8494075372480281,0.9371808355243938,0.881361963190184
mq3,0.8675530236634531,0.8631598013438504,0.8669255039439089,0.8614659655273152,0.8584650891031259,0.8567765118317265,0.9198843120070114,0.911125328659071
mq4,0.2579037916582414,0.3948325269586613,0.3689802248213454,0.3990486969231062,0.2496877158737162,0.1704110945677242,0.0,0.0
mq5,0.8958316328435142,0.8861510687159945,0.8885575630269792,0.8898346971116196,0.891392715280342,0.7640455589193853,0.7937795190674457,0.790292662806022
