,IDMAP,IncrementalPCA,LAMP,LandmarkMDS,MDS,ProjectionByClustering,MTSNE,UMAP
mq1,1.0,1.0,1.0,1.0,1.0,0.9514285714285714,1.0,1.0
mq2,0.9862816243061642,0.985443762781186,0.9852042068361088,0.985065731814198,0.9868548057259714,0.978920829681566,0.986633362547473,0.99022787028922
mq3,0.9876453403447268,0.9869991235758108,0.9866450482033304,0.9865947998831436,0.9879754601226994,0.9886853637160384,0.9879713701431492,0.9915524393806604
mq4,0.3317943220395358,0.521716093947899,0.3087278117436446,0.5376887064804458,0.3012252252487791,0.0781985386857301,0.0230038715378875,0.0
mq5,0.6932663106076694,0.6718227338241084,0.7193712737593645,0.6038243696178737,0.7514498120462748,0.6771628935514526,0.6466272255525337,0.423118545558599
