,IDMAP,IncrementalPCA,LAMP,LandmarkMDS,MDS,ProjectionByClustering,MTSNE,UMAP
mq1,1.0,1.0,1.0,1.0,1.0,0.9957142857142858,1.0,1.0
mq2,0.8259106047326906,0.8116611159801344,0.8212158924919661,0.8133584574934268,0.8200560911481157,0.792669588080631,0.9288822670172364,0.8646988022202746
mq3,0.8671136430032136,0.854993280747882,0.8650692375109553,0.8602261174408414,0.8637230499561788,0.8312129710780017,0.9188904469763366,0.9158340636868244
mq4,0.2457100763922284,0.3890178808668993,0.3608280142404806,0.3892507059746244,0.2431393002742408,0.0,0.0,0.0
mq5,0.8928056877578497,0.8962313496123162,0.8932244532258087,0.8926081252190748,0.8962180157668286,0.7343796691542818,0.8039647660014071,0.7840021497626039
