,IDMAP,IncrementalPCA,LAMP,LandmarkMDS,MDS,ProjectionByClustering,MTSNE,UMAP
mq1,1.0,1.0,1.0,1.0,1.0,0.996,1.0,1.0
mq2,0.8216979257960852,0.8140876424189307,0.8167695004382121,0.8144931346771838,0.8159655273152205,0.774396143733567,0.929950335962606,0.8609564709319311
mq3,0.8629891907683319,0.8669161554192228,0.8685650014607069,0.8632795793163891,0.8598808063102542,0.8159170318434122,0.9191393514461,0.902446392053754
mq4,0.2773756866200099,0.4413564857489478,0.4162389875240893,0.4458705963986213,0.2748027273200696,0.0026247943736544,0.0,0.0
mq5,0.8674206627181109,0.8800726928418804,0.8844632681741711,0.8815337522571384,0.8616024410853054,0.7351249276525428,0.8000483121278794,0.7480103622091575
