,IDMAP,IncrementalPCA,LAMP,LandmarkMDS,MDS,ProjectionByClustering,MTSNE,UMAP
mq1,1.0,0.9965714285714286,1.0,0.9974285714285714,0.9982857142857142,0.9748571428571428,1.0,1.0
mq2,0.9786532281624306,0.9769699094361672,0.978469179082676,0.9772953549517966,0.9786690037978382,0.9737107800175284,0.9818691206543968,0.985038854805726
mq3,0.9807280163599182,0.9805731814198072,0.9815652936021034,0.9799573473561204,0.9781221151037102,0.982077709611452,0.9845369558866492,0.987001460706982
mq4,0.2995968517590509,0.5048519828278726,0.302964418085106,0.5344060091175431,0.2921366226207206,0.0594898150675491,0.0126646704024334,0.1971631871126549
mq5,0.747339433733912,0.7757628934076459,0.7736782880118465,0.7490990175888184,0.753711646978383,0.7096914444067732,1.0,0.917026768700905
