,IDMAP,IncrementalPCA,LAMP,LandmarkMDS,MDS,ProjectionByClustering,MTSNE,UMAP
mq1,1.0,0.996,1.0,1.0,1.0,1.0,1.0,1.0
mq2,0.9146964650891032,0.9131171486999708,0.9129284253578732,0.9119783815366638,0.91519836400818,0.9181747005550688,0.9682494887525562,0.944619339760444
mq3,0.9312363423897166,0.9276885772713994,0.9291451942740286,0.9277002629272568,0.9330300905638328,0.9237002629272568,0.968446392053754,0.959567046450482
mq4,0.2037079728678351,0.3260944050078824,0.2351315174436457,0.3047832839424443,0.1954984075294639,0.2190455134145674,0.0,0.2423502847831045
mq5,0.8637659629238715,0.9292263128942104,0.9236968076772384,0.936283713818652,0.8888726610787857,0.7447524690960013,0.5942741193925805,0.7660294984598062
