,IDMAP,IncrementalPCA,LAMP,LandmarkMDS,MDS,ProjectionByClustering,MTSNE,UMAP
mq1,1.0,0.9994285714285714,1.0,0.9908571428571428,1.0,0.9471428571428572,1.0,1.0
mq2,0.9859234589541338,0.9855682150160676,0.985935728892784,0.9801945661700264,0.986556237218814,0.9755278995033596,0.986241308793456,0.9898989190768333
mq3,0.9872357581069238,0.9870645632486124,0.9873041191936898,0.9864773590417762,0.9876576102833772,0.9885135845749344,0.9867268477943324,0.9910850131463628
mq4,0.3388378162923294,0.5566560212977016,0.3309026949531446,0.6023889687052583,0.3284033463104888,0.1176030251904911,0.0007864533886141,0.0461718848470624
mq5,0.638999980357756,0.5791293943489928,0.6473375470714917,0.4404516272583666,0.6263528923438222,0.6180857544755838,0.6417803686580797,0.3881708898344291
