,IDMAP,IncrementalPCA,LAMP,LandmarkMDS,MDS,ProjectionByClustering,MTSNE,UMAP
mq1,0.6123813503671423,0.622052414781207,0.7195988299206018,0.591785565040893,0.7358963643961555,0.6817503432630887,0.9974926870037608,1.0
mq2,0.8317074544868457,0.8391355108390837,0.9063446767918564,0.8290707959788959,0.8994532752433894,0.8521125673362309,0.9983039723282308,0.9971414666974028
mq3,0.972667621733274,0.9818802501658986,0.9910151359561424,0.9845524968595932,0.977325563881019,0.9597892597963122,0.9962596315540092,0.9843269880600636
mq4,0.3154029794726867,0.639587455497389,0.3445984514297974,0.6405472726743779,0.2787232990828537,0.2145974385258806,0.0,0.0
mq5,0.8025861496754728,0.7021506188502624,0.7868137650059207,0.6740571979685815,0.8524700509011444,0.5789336229691383,0.3174267647688455,0.0692100258678279
