,IDMAP,IncrementalPCA,LAMP,LandmarkMDS,MDS,ProjectionByClustering,MTSNE,UMAP
mq1,0.953671625568915,0.8680116839888595,0.9658990557706678,0.861354527545683,0.9706541675157936,0.748726309353984,1.0,0.9995924189932748
mq2,0.9797621677802408,0.9361175220477556,0.9849263866878692,0.931635040172966,0.976893611875596,0.8999487016830446,0.9926644186067354,0.989116398667218
mq3,0.99419716607809,0.98569923846775,0.9950242126237632,0.98720412547832,0.954951290952442,0.9705420113018656,0.9977973350852304,0.9884776537673384
mq4,0.2331345722515872,0.4988229182788637,0.2312447915140242,0.5191161747842162,0.2401958440514174,0.2740546948963487,0.0,0.0
mq5,0.90732077141279,0.7796104059984225,0.9217573956530208,0.7708365568953999,0.9021209337606696,0.8604678779367935,0.3548798499347586,0.1909349740846899
