,IDMAP,IncrementalPCA,LAMP,LandmarkMDS,MDS,ProjectionByClustering,MTSNE,UMAP
mq1,0.9897073412698414,0.9872271825396824,0.9931795634920636,0.9852430555555556,0.984250992063492,0.9578373015873016,1.0,0.9992559523809524
mq2,0.960976734763435,0.9558399152094376,0.9631518187540864,0.9584991844386016,0.955753837833702,0.937650526723982,0.9699867101748676,0.960511895197752
mq3,0.9843443512374276,0.9844883569480962,0.988396726277423,0.9859289574725596,0.9290725684445558,0.9658634734568674,0.9924862710933045,0.9826583432452736
mq4,0.1403574453690554,0.211360665315585,0.1573637846672616,0.2112486637800281,0.1873302074629272,0.0389760535484488,0.0,0.1430657946550857
mq5,0.9728823038599916,0.9632794347006722,0.9725817756108396,0.9628343462680226,0.946350549546042,0.9064945683080632,0.808560226626153,0.6770124375917254
