,IDMAP,IncrementalPCA,LAMP,LandmarkMDS,MDS,ProjectionByClustering,MTSNE,UMAP
mq1,0.5804318773299572,0.5473728634733066,0.7188577055637617,0.5880284166842512,0.7064078216220019,0.6775691074066259,0.9949356404304704,0.9992966167264542
mq2,0.8231507809991803,0.7936373411555124,0.8973058679575491,0.8176140751867971,0.8814249709419137,0.8435418620992717,0.998517532698617,0.9956616225032504
mq3,0.977120056382089,0.9769069869637312,0.989836425085851,0.9772258076197996,0.968375922842337,0.9604463210617328,0.9958169239586968,0.9872448059323764
mq4,0.2944783586556531,0.6554062475555108,0.3511977931473036,0.6579556479779572,0.2722307036607307,0.1597222263783205,0.0079888968744693,0.1670299134065715
mq5,0.8572817282781577,0.7119301192772346,0.8007610587702048,0.716287807680831,0.8665243577474852,0.5872181393482929,0.3888027927658151,0.4805844394252576
