,IDMAP,IncrementalPCA,LAMP,LandmarkMDS,MDS,ProjectionByClustering,MTSNE,UMAP
mq1,0.8244714926329274,0.7157804825966262,0.8715566944266495,0.7173820200726031,0.8907751441383729,0.6929318812726885,0.9993593850096092,1.0
mq2,0.9349786244430422,0.8725025710690804,0.9535550913604516,0.877462389012769,0.9459627336188986,0.8616878282025399,0.9979530411993806,0.9965200654421764
mq3,0.987876268778942,0.9817358751314096,0.9935981948850248,0.982792302514458,0.9572257138769824,0.9606082929790948,0.9980602931187716,0.9963266418756228
mq4,0.2809850538816499,0.6336768029113083,0.2805177155940023,0.6124427431339543,0.2736148673748237,0.0295949858869351,0.0,0.2396726357301988
mq5,0.8641277927356986,0.697361370237183,0.8436228470808486,0.7359537571961312,0.8622550609992966,0.6677881831421374,0.3321626391745861,0.7983797198450202
