,IDMAP,IncrementalPCA,LAMP,LandmarkMDS,MDS,ProjectionByClustering,MTSNE,UMAP
mq1,0.6193979430973651,0.5702274604008708,0.7077546730725921,0.56377148862698,0.7279483522258089,0.6992718264394565,0.9965468057953608,0.9983484723369116
mq2,0.8455234807842074,0.7999374051018333,0.8974983149053466,0.795319682334066,0.9006350826946214,0.8744631860580974,0.9969918263188376,0.9963569102688484
mq3,0.9690133828336666,0.9789576632169112,0.9891670275977796,0.9781155523404604,0.974230788214828,0.962453059777969,0.995819124233256,0.9922004360375842
mq4,0.298292784417995,0.6711640944504379,0.3660876102011203,0.670569806794253,0.2841358888643842,0.1498983406682319,0.0,0.1635236742790295
mq5,0.8320777858010733,0.6698265589211249,0.7456108362391711,0.668419295515364,0.843165011627839,0.5408398757611873,0.3390511010918126,1.0
