,IDMAP,IncrementalPCA,LAMP,LandmarkMDS,MDS,ProjectionByClustering,MTSNE,UMAP
mq1,0.9984387197501952,0.9862086911267236,0.9992193598750978,0.9830861306271144,0.9977881863127764,0.9350767629456156,1.0,1.0
mq2,0.9788267225491049,0.9750635631613508,0.979580072586844,0.9731047812472096,0.9798168260623203,0.9380990204055644,0.983636361024872,0.9756061331837644
mq3,0.9921156783705232,0.9903038799082956,0.9932622211114678,0.9901925650790778,0.9929251645963304,0.9690146195869572,0.9951332677892468,0.986830258769873
mq4,0.1608730472219863,0.2556919375584102,0.163093674251971,0.2532094096876303,0.1602731115503558,0.0,0.0364280164518953,0.0
mq5,0.9578741632439014,0.9374118421063063,0.9681710008560332,0.9418872677158916,0.9626983486072846,0.8999461346360852,0.7245828026457147,0.4203140987149826
