,IDMAP,IncrementalPCA,LAMP,LandmarkMDS,MDS,ProjectionByClustering,MTSNE,UMAP
mq1,0.6098263813846264,0.560622433542252,0.6977883437792667,0.5622073337655789,0.7346732944312369,0.6900079245011166,0.9925077443988184,0.997838772422736
mq2,0.825995899951091,0.8071024382417165,0.8892108567564957,0.8067463252190124,0.8915331535086777,0.8618890458786677,0.9977849609247424,0.994187664110456
mq3,0.9653074021094692,0.9762260582672216,0.9889777393559542,0.9763740124877746,0.9726773123564204,0.9607625041774236,0.9953108741018448,0.979451569870997
mq4,0.3057408103607358,0.6594075188092232,0.3540121113908555,0.6622830576198185,0.2837529593698557,0.163811054222317,0.0012616545777783,0.0
mq5,0.8073777968573433,0.693221817348379,0.7561880945685057,0.695104597342466,0.8428739813417303,0.5552282671012203,0.3162972368897264,0.0384544799081818
