,IDMAP,IncrementalPCA,LAMP,LandmarkMDS,MDS,ProjectionByClustering,MTSNE,UMAP
mq1,0.980184331797235,0.8522119815668203,0.9813364055299538,0.9077419354838708,0.9711059907834102,0.8122119815668202,1.0,0.9986635944700462
mq2,0.9878057414968828,0.9310403647251358,0.988051999588252,0.9627936650490144,0.982024472149578,0.9088709752011374,0.9922289885471414,0.9886928345414754
mq3,0.9958299480988732,0.9870421429988676,0.996443631557198,0.9917752900510656,0.932443037804727,0.9749478974747616,0.9979611763459756,0.996766227120763
mq4,0.2353893691551206,0.5081693902522709,0.2288107243900118,0.526651786081103,0.2511334121138488,0.0085284088869099,0.0,0.2830310862128469
mq5,0.9108338352749108,0.7655546127830982,0.9110684580035704,0.7535055606346783,0.8837686506601131,0.8349832985575315,0.4942321012595306,0.4302042436819967
