,IDMAP,IncrementalPCA,LAMP,LandmarkMDS,MDS,ProjectionByClustering,MTSNE,UMAP
mq1,0.8389244880010052,0.7699459731122,0.8867948234702852,0.7571302927503455,0.8766176655358713,0.7223269254931524,0.997738409347908,0.9969845457972106
mq2,0.9381734810084632,0.9158809457974784,0.9682020443583312,0.9023454350973248,0.9435185922881412,0.8970296704893217,0.9973156164240488,0.9939016946754424
mq3,0.9906937575500728,0.9875243170092192,0.993794908497524,0.9869387225873631,0.960154584429928,0.9584332849726964,0.9980668019514756,0.9806879931049828
mq4,0.2795115978066345,0.620194704885076,0.2729158365123488,0.6377979235100295,0.2683864208196316,0.0263542170016145,0.0124217611043257,0.0
mq5,0.8582393781297407,0.7410589419602264,0.8611504536930416,0.6943040847641357,0.8716251461156911,0.6697557660990043,0.2617286372862523,0.1779407854452271
