,IDMAP,IncrementalPCA,LAMP,LandmarkMDS,MDS,ProjectionByClustering,MTSNE,UMAP
mq1,0.9993560158849416,0.997424063539766,1.0,0.9961360953096492,0.9928088440485136,0.9120961682945156,1.0,1.0
mq2,0.979706938440973,0.9773332227502024,0.9795818819297408,0.9777727906954052,0.9761818572111584,0.9279361447468134,0.984070418687248,0.9769551260159826
mq3,0.9928243744735104,0.9916520306640516,0.99325207099437,0.992411720510894,0.96356651737944,0.9694886505930832,0.995322577497634,0.9793323380851556
mq4,0.1667118600587361,0.302127751856302,0.1732152786181982,0.2803697870263354,0.1939948367195839,0.0017532667248916,0.0198715624722186,0.0173158513409732
mq5,0.9696192887032788,0.9149821232974416,0.9634534001458596,0.928523280148347,0.9381483487993402,0.9075633097028232,0.6508514372883983,0.4101983625258653
