,IDMAP,IncrementalPCA,LAMP,LandmarkMDS,MDS,ProjectionByClustering,MTSNE,UMAP
mq1,0.9675259457649816,0.883542971925965,0.9726433593189536,0.88268209861782,0.9661389832129704,0.7946817160074607,1.0,0.999234779281649
mq2,0.9832044851807912,0.9477691379747468,0.9851159299103076,0.9461797332732677,0.9769218038792782,0.917212538897434,0.9934451620102884,0.989701243792224
mq3,0.993725643302236,0.9903268907971408,0.9958656771509105,0.9907068334261576,0.9338087935585696,0.9769645197031478,0.998064593911044,0.9910758640745844
mq4,0.2406583031537645,0.5472087779084346,0.2431409945019124,0.5214015442787169,0.2559531805802018,0.3083757328663725,0.0198716490428931,0.0
mq5,0.8907338675453559,0.6836761082852313,0.8806755148012342,0.7422728304769574,0.8693243278334482,0.7793741058298196,0.2985592802183329,0.2071947946073942
