,IDMAP,IncrementalPCA,LAMP,LandmarkMDS,MDS,ProjectionByClustering,MTSNE,UMAP
mq1,0.8293766486186311,0.7045675413022352,0.8726919339164237,0.7345550465083993,0.8370123559627932,0.7555185339441898,0.9986116895737884,1.0
mq2,0.9379983018426888,0.8713208069002029,0.9611356270185392,0.8856667722218995,0.9352825048065816,0.9054665609477824,0.997240426181298,0.995107364945898
mq3,0.9873517828606124,0.9820322900821448,0.9931014063939196,0.9824871049418124,0.9595351151165732,0.962081396449362,0.9960371783531584,0.986538843916541
mq4,0.2786952487825228,0.6423567552958961,0.3082126033039699,0.6566255825645667,0.2724283927708059,0.0013663215008004,0.0,0.1139663321621684
mq5,0.8499988173462899,0.6373000010232379,0.8106545586541706,0.6861395470664794,0.8555355767125623,0.6676208575367903,0.3651774941590999,0.1859508765818241
