,IDMAP,IncrementalPCA,LAMP,LandmarkMDS,MDS,ProjectionByClustering,MTSNE,UMAP
mq1,0.8364168618266978,0.7766978922716626,0.8791569086651053,0.7370023419203747,0.8916861826697893,0.6771662763466042,1.0,1.0
mq2,0.948573152565749,0.9081655344479248,0.9700132495743284,0.8840972177830982,0.9617004976338662,0.8538314320969,0.9974685371036508,0.9955917077810256
mq3,0.990451880219199,0.9887160697578466,0.9923011062619737,0.9862918238116546,0.9809938342989638,0.9666089419130138,0.9976365781230933,0.9818247414492788
mq4,0.2919002526548916,0.6191618926632247,0.2890611417256774,0.6223331607204301,0.2745114092229357,0.0046999322623614,0.0,0.0
mq5,0.8103989431070494,0.6824736845122835,0.8436584609513731,0.6747728874026947,0.8492108919821889,0.6707929887559697,0.3769520710727144,0.1231449319442943
