,IDMAP,IncrementalPCA,LAMP,LandmarkMDS,MDS,ProjectionByClustering,MTSNE,UMAP
mq1,0.7864945382323734,0.6747056320045396,0.8412540785927082,0.710313519648177,0.8221024258760108,0.6745637679103419,0.9965952617392536,0.9982976308696268
mq2,0.9135543450579164,0.8569330521119803,0.952598448838623,0.8750484987189502,0.9254223590346632,0.8538255732534337,0.9957748428812426,0.9915163562463786
mq3,0.9830606295233424,0.9769114762354852,0.99120414129208,0.9766981103588706,0.9419641966931422,0.9596322586416028,0.99474604333065,0.9919970704209944
mq4,0.2852932436838026,0.6118916057275591,0.2988566986097362,0.6199568644710933,0.2754537375133256,0.0557157329781165,0.0,0.0355059927713004
mq5,0.825766185999205,0.6285858698203473,0.8070575741852074,0.6465503622843873,0.8393699969647126,0.585718474182283,0.4143634700637119,0.2297117441034758
