,IDMAP,IncrementalPCA,LAMP,LandmarkMDS,MDS,ProjectionByClustering,MTSNE,UMAP
mq1,0.5439047619047619,0.5286666666666666,0.546,0.5365714285714285,0.5421904761904761,0.6793809523809524,0.748,0.889
mq2,0.9234507798435534,0.9133156494447896,0.9156662843123198,0.9142692093230737,0.9208207395370326,0.9661382529592634,0.9871444980802624,0.9760375025888576
mq3,0.9679795281110102,0.9722317863913716,0.9746434705029552,0.9720010992687472,0.959412369163122,0.9538905988624958,0.9856880307157992,0.9517863435772436
mq4,0.2560847763440257,0.3879151885393911,0.3258491344143225,0.3891282878190614,0.2518999134014789,0.587202091166224,0.0264539486458725,0.0582849102382531
mq5,0.9100067265504604,0.8776295459100776,0.8840302118167295,0.879578762006596,0.9108629959871816,0.8092862853333114,0.722248927134263,0.5322101029451507
