,IDMAP,IncrementalPCA,LAMP,LandmarkMDS,MDS,ProjectionByClustering,MTSNE,UMAP
mq1,0.3393202542138712,0.3307543520309478,0.340149212489638,0.3437413650179607,0.3407018513401491,0.3340701851340149,0.3476098369715391,0.3528599060513954
mq2,0.9166776793973834,0.8747847056652035,0.9099985037248514,0.8814988308302579,0.9120659846418824,0.9025187662392272,0.979007368882064,0.9586880615810058
mq3,0.9534625663630794,0.945841938735724,0.9605098038787384,0.9459369576685194,0.9337204717744622,0.9252332059497144,0.9768175647412044,0.9777644775542343
mq4,0.2713856233906687,0.4059781310174951,0.3288628541913492,0.4141259016958336,0.2763057707449826,0.1689710754305918,0.0,0.0
mq5,0.8063598978855586,0.731873991157851,0.7585349442852912,0.748969964516592,0.7905631230054033,0.5978474193133001,0.6419546976525671,0.6076096619944187
