,IDMAP,IncrementalPCA,LAMP,LandmarkMDS,MDS,ProjectionByClustering,MTSNE,UMAP
mq1,0.568,0.5865714285714284,0.5942857142857142,0.5814285714285713,0.5708571428571427,0.5968571428571429,0.6025714285714285,1.0
mq2,0.6953841659363131,0.6546900379783815,0.6664557405784399,0.6508624014022787,0.6995302366345311,0.819781478235466,0.9128606485539,0.7680788781770377
mq3,0.7999076833187263,0.7918118609406953,0.7980262927256793,0.7858901548349402,0.804068361086766,0.7285217645340345,0.8315086181711948,0.6461051709027169
mq4,0.3776743614327345,0.6492101766459977,0.6062716783743373,0.651924758727846,0.3667362073541341,0.1548377311176514,0.0012299388848682,0.0
mq5,0.5019937419036085,0.3141083236386318,0.312409478358933,0.3351429458599828,0.5150684249461686,0.2000473620593947,0.3364634647966655,0.1189926377484872
