,IDMAP,IncrementalPCA,LAMP,LandmarkMDS,MDS,ProjectionByClustering,MTSNE,UMAP
mq1,0.5782857142857142,0.5822857142857143,0.5937142857142856,0.5771428571428571,0.5599999999999998,0.6268571428571429,0.6234285714285714,1.0
mq2,0.6695899581589959,0.6362271368798567,0.625673640167364,0.5928320382546324,0.6446431560071728,0.7637585176329946,0.7943096234309623,0.7609468021518231
mq3,0.7341398684997011,0.695483562462642,0.6943120143454872,0.654314405260012,0.7010806933652123,0.6535875672444711,0.8046957561267185,0.648332337118948
mq4,0.4138783627279334,0.7488508084628733,0.7449099376188245,0.7856485073162679,0.3926377237044879,0.0075538717869294,0.0022979518860044,0.0700184464391123
mq5,0.4342202333887615,0.2492331762881971,0.2430636951098787,0.1384245934175347,0.3964633014596051,0.1620928868295823,0.3545192025330159,0.0956652170512596
