,IDMAP,IncrementalPCA,LAMP,LandmarkMDS,MDS,ProjectionByClustering,MTSNE,UMAP
mq1,0.6571428571428573,0.6414285714285716,0.6942857142857142,0.6742857142857142,0.6214285714285714,0.6457142857142858,0.6471428571428571,1.0
mq2,0.8191492776886036,0.7546869983948636,0.7562118780096309,0.7375762439807384,0.8393097913322632,0.8546709470304976,0.916099518459069,0.8517817014446228
mq3,0.8598876404494382,0.8428410914927769,0.8491171749598716,0.8118780096308187,0.8510754414125201,0.7373354735152489,0.8626003210272873,0.6430497592295346
mq4,0.3210589904742929,0.5079581316295438,0.4606603471755193,0.5386738953348487,0.3193106828964072,0.2798251308536178,0.0130680136794187,0.0
mq5,0.6810909433681795,0.5477395548325684,0.5500088671598662,0.5184863445227287,0.6656764562766607,0.3793803332616658,0.5368969998702678,0.1880463098886362
