,IDMAP,IncrementalPCA,LAMP,LandmarkMDS,MDS,ProjectionByClustering,MTSNE,UMAP
mq1,0.5788571428571427,0.6485714285714285,0.5685714285714284,0.6199999999999999,0.5794285714285713,0.604,0.6702857142857144,0.9262857142857144
mq2,0.7104148236700538,0.6547495517035267,0.6782594142259415,0.6526359832635984,0.7215708308427974,0.798264196054991,0.8752229527794382,0.7945200239091452
mq3,0.7902378959952182,0.7621135684399283,0.767803945008966,0.7522677824267783,0.7953831440526001,0.6749432157800359,0.8372528392109982,0.68363179916318
mq4,0.3718319426131176,0.6525514435303286,0.6252875890594152,0.6732342344752111,0.36562429357768,0.0587273262509795,0.0083702984896036,0.0
mq5,0.5179428336439627,0.3561765553133056,0.3519417243839048,0.3337750025099658,0.5280915134574001,0.1886329667824297,0.3917063709471317,0.1281239079521947
