,IDMAP,IncrementalPCA,LAMP,LandmarkMDS,MDS,ProjectionByClustering,MTSNE,UMAP
mq1,0.5848571428571427,0.5794285714285713,0.5645714285714285,0.5602857142857143,0.5817142857142855,0.5777142857142857,0.6014285714285713,1.0
mq2,0.6979129418638621,0.6778919076833188,0.6576751387671633,0.6529921121822962,0.6932445223488168,0.7696324861232837,0.9060853052877592,0.7431042944785275
mq3,0.7840888109845165,0.7781291264972247,0.7732275781478235,0.764984516505989,0.7873911773298277,0.7140555068653228,0.8067215892491966,0.6284972246567339
mq4,0.377490683664829,0.6567589329919999,0.6342719450023705,0.6728184319851649,0.3711773590478409,0.0582964530336679,0.0069813300045364,0.0
mq5,0.5018174595535693,0.3589360593264212,0.3316207396361543,0.3130028803618278,0.5032046112560361,0.2399030885092756,0.3090466761081349,0.1048768803812508
