,IDMAP,IncrementalPCA,LAMP,LandmarkMDS,MDS,ProjectionByClustering,MTSNE,UMAP
mq1,1.0,1.0,1.0,1.0,1.0,1.0,1.0,1.0
mq2,0.7642290546212042,0.7636300291701732,0.7632719425560173,0.7633780980981311,0.7595456433217617,0.7663266196459254,0.7753861733159759,0.7675057337690231
mq3,0.8142881729850445,0.7776619769202784,0.7758911312592047,0.7738939688310891,0.8092792066085455,0.7669504033088751,0.8803655805105547,0.8497332003033172
mq4,0.0783394269626108,0.13143253428441,0.1316619915064209,0.132517780216217,0.0763290794084626,0.2175822270784948,0.0035699267725512,0.0995437113259602
mq5,0.8897178583069242,0.883649573735658,0.8823295513847944,0.8816147623938656,0.8983189727141359,0.754045370317078,0.8027197659873107,0.7596059383226292
