,IDMAP,IncrementalPCA,LAMP,LandmarkMDS,MDS,ProjectionByClustering,MTSNE,UMAP
mq1,1.0,1.0,1.0,1.0,1.0,1.0,1.0,1.0
mq2,0.7773661453950137,0.7771961595527386,0.7773202588058419,0.773041574071639,0.7707609078586332,0.7856186087514903,0.8044461502384459,0.7696720944337787
mq3,0.8261830726975068,0.8044388220816677,0.803741208951364,0.8014363666697348,0.8211017835774774,0.7834320100462866,0.8845609502660601,0.8576196325018409
mq4,0.202331110908989,0.3288132761870035,0.325442687399439,0.3298288686167077,0.1942776184338525,0.0,0.0,0.0
mq5,0.8937411127471315,0.8840072890111397,0.8859421267352986,0.8841515379633249,0.8944124380210797,0.7700798153002968,0.7953675717569934,0.7539727060364144
