,IDMAP,IncrementalPCA,LAMP,LandmarkMDS,MDS,ProjectionByClustering,MTSNE,UMAP
mq1,1.0,1.0,1.0,1.0,1.0,1.0,1.0,1.0
mq2,0.7724937429868854,0.769529161132881,0.7702213295111859,0.7706436231064591,0.768496507414177,0.7727468725892419,0.7902330189485588,0.7663295646061259
mq3,0.8217403947725997,0.7928432467542429,0.7932798199821165,0.7854210567119889,0.8191910523068764,0.783752325833684,0.8852475026737499,0.8425567774629181
mq4,0.205373258062521,0.3389976482513278,0.3364725675226747,0.3406615299885669,0.1979271882043124,0.0,0.0,0.0
mq5,0.8792460647545114,0.880905773375028,0.881804483264215,0.8807065545389314,0.8911223305666772,0.7689669919322214,0.7927178716551853,0.7558239158802011
