,IDMAP,IncrementalPCA,LAMP,LandmarkMDS,MDS,ProjectionByClustering,MTSNE,UMAP
mq1,0.8026359879370043,0.6607840947168546,0.8740087121635206,0.6870322796827878,0.8664134926840165,0.8848430693622248,0.9997766111917792,1.0
mq2,0.9297555830465511,0.8742907669600201,0.9535022714131738,0.8854805554841072,0.9545128943614056,0.9600203622069828,0.9924962148986242,0.9899099785384664
mq3,0.9640292047393664,0.9665935074192216,0.9823626784247635,0.969849117420416,0.9731097483845712,0.977214958170974,0.9939217279441428,0.9910075434242828
mq4,0.2903756965051334,0.4551813931368888,0.2893728351713515,0.4298546130244605,0.2763202556598877,0.3253510834126722,0.0087137866111788,0.1276739607618822
mq5,0.7687752911372201,0.7120505384198871,0.7877537945788831,0.7239550271092949,0.8006360601199725,0.6611499341583921,0.264326997505968,0.5977738699642865
