,IDMAP,IncrementalPCA,LAMP,LandmarkMDS,MDS,ProjectionByClustering,MTSNE,UMAP
mq1,0.9604916593503072,0.933776495672896,0.9701492537313432,0.9411764705882352,0.9507086416656216,0.9783017684685814,0.9967389941051048,0.9966135708014549
mq2,0.8956688264381649,0.8713327026587072,0.8936422616045465,0.878037734623859,0.8818523598705916,0.906235517388918,0.9807940006742616,0.9463142672121246
mq3,0.9499519877814576,0.9446362857623202,0.9574551478260406,0.9466064768238194,0.9305548513466994,0.923896630738672,0.9707872669550514,0.9720319375765548
mq4,0.2233331222888402,0.3266582667304585,0.2596867582416187,0.324766403784884,0.225442131763179,0.3232671422280447,0.0,0.0
mq5,0.8979999720531004,0.9061646081704609,0.9143863722630812,0.909618751632919,0.9032939674725918,0.7937709595292319,0.7838023331906385,0.6500964008020553
