,IDMAP,IncrementalPCA,LAMP,LandmarkMDS,MDS,ProjectionByClustering,MTSNE,UMAP
mq1,0.6028891172776064,0.4499257736667809,0.6683224848692474,0.4988009592326139,0.6772867420349434,0.7701267557382665,1.0,1.0
mq2,0.8718196745006931,0.7665055201351335,0.9074976641958784,0.8428706939821773,0.9206757207069122,0.931000706116302,0.9960814281418816,0.993980476569596
mq3,0.9497911563505976,0.963541972523948,0.9835219511492944,0.9724970611341404,0.9721327485812004,0.9707901282346264,0.996977860734868,0.9951994131024252
mq4,0.3468042167393279,0.5745158653404219,0.334279518573629,0.5009022878740945,0.3121308862324033,0.3269501594794263,0.0078072286613907,0.0588281820501253
mq5,0.6229476670840811,0.4114251259208424,0.6703255466302027,0.6334044272234548,0.7138150569957189,0.5881594098119739,0.2711294563986661,1.0
