,IDMAP,IncrementalPCA,LAMP,LandmarkMDS,MDS,ProjectionByClustering,MTSNE,UMAP
mq1,0.9519832985386222,0.9431852072770652,0.9959737548464062,0.9563077840739636,0.9570533850283328,0.9850879809126156,0.9986579182821356,1.0
mq2,0.892726524907481,0.8875696747164276,0.9257235006177388,0.8925192998059075,0.9046972387727612,0.9197679834698615,0.9793242572098116,0.9565858688227316
mq3,0.9408148733454668,0.9500993767185432,0.9640261317781584,0.9544418133645074,0.9015721708655994,0.9360274381151208,0.9779990243413912,0.976434285865453
mq4,0.2321452422893444,0.3539144309148372,0.2572968772332818,0.3585797675685258,0.2424487965183192,0.3315982082059788,0.037185476459415,0.1564402969592342
mq5,0.8844520564117939,0.8650995080132086,0.8812833672177444,0.7899137148535587,0.8669199279854443,0.7633937166799061,0.6780796617895068,0.7293198629886609
