,IDMAP,IncrementalPCA,LAMP,LandmarkMDS,MDS,ProjectionByClustering,MTSNE,UMAP
mq1,0.5638699924414209,0.4835600907029477,0.6609977324263039,0.5080624842529604,0.6759259259259259,0.767384731670446,0.9993071302595112,1.0
mq2,0.8409778407826808,0.7991093859555999,0.8921365326517552,0.8291828127893701,0.9129481606062402,0.9200227326691028,0.9960360159423391,0.994011268991753
mq3,0.9383000151930676,0.9672059982364432,0.982457923519594,0.9699560160137832,0.973152755744481,0.9649744815630842,0.9967823014271102,0.9951418185219902
mq4,0.3498560037704026,0.5207057746272634,0.3437040811882124,0.4975717200313871,0.3029835845837417,0.3567857892589888,0.0001756764173787,0.0
mq5,0.6467962210582804,0.5438477271818792,0.6312734774412431,0.6008171938723494,0.7361487918108139,0.5677213826429548,0.4006151879839434,0.4583723434519327
