,IDMAP,IncrementalPCA,LAMP,LandmarkMDS,MDS,ProjectionByClustering,MTSNE,UMAP
mq1,0.5694314423016913,0.4823690944267614,0.6888847282032078,0.5418460962366598,0.6674780003744616,0.7608437870561068,0.99912625600699,0.9991886662922048
mq2,0.8368521446645206,0.8028756895062558,0.9005828813793079,0.8347292634704162,0.9131368280572532,0.9030125537822962,0.996256670544433,0.9943063628299464
mq3,0.9280617354431844,0.9687840355915062,0.984458551324131,0.9728464026991052,0.9758378772568866,0.9692788521680068,0.9970396483939324,0.995409008461662
mq4,0.365775394475943,0.5261017716003703,0.3361230340819672,0.4961168838415334,0.3114745845564705,0.3347780634643019,0.0105551322164805,0.0490590801945831
mq5,0.5827919364797336,0.5280333914815196,0.663564894181654,0.6162133460995982,0.7146737645991779,0.5625163736718466,0.3462163400328526,0.9972362745678692
