,IDMAP,IncrementalPCA,LAMP,LandmarkMDS,MDS,ProjectionByClustering,MTSNE,UMAP
mq1,0.5884743706399758,0.5210191082802548,0.6474370639975736,0.5579011222323323,0.6772823779193206,0.770154686078253,0.999514710342736,1.0
mq2,0.8548021730376462,0.8142760095277431,0.8978709054979136,0.8377251633246068,0.9157623643792424,0.9145717587919932,0.9959594563679256,0.9940170814092032
mq3,0.92851583971777,0.973485514290062,0.9822827868131232,0.9754715735993316,0.972275162755261,0.9715163541993392,0.9969515673054726,0.994582804100532
mq4,0.352312028237185,0.5091916144437251,0.3403881094392297,0.4932299008038441,0.3155855404462495,0.3382659432891145,0.0135435405282789,0.0100594792189814
mq5,0.585233711903783,0.5796266683988742,0.6458962828576901,0.6054160913366385,0.6908982696861635,0.5460872035294435,0.34614943579655,0.4905498918912211
