,IDMAP,IncrementalPCA,LAMP,LandmarkMDS,MDS,ProjectionByClustering,MTSNE,UMAP
mq1,0.6188251001335114,0.5841121495327102,0.6388518024032043,0.5881174899866488,0.6088117489986649,0.636849132176235,0.6421895861148197,0.8384512683578105
mq2,0.9507553585404512,0.8758969266082198,0.9320769235828396,0.8938223049451814,0.934003959302058,0.946388287832052,0.969397620472617,0.9013890441771294
mq3,0.9736002683380796,0.9524028754266772,0.9644452044433628,0.9559938703164154,0.9562898314337014,0.9126881819437412,0.9691181016396246,0.8952922451610357
mq4,0.1685729822802682,0.3273572069771632,0.2366637366651017,0.357844501615239,0.1742176232801984,0.0381813512288604,0.01173903811083,0.1083586348755765
mq5,0.966793566508254,0.9031562544762392,0.9379799654846692,0.8940379204229012,0.9652060003123984,0.8399721576908888,0.7311596955173028,1.0
