,IDMAP,IncrementalPCA,LAMP,LandmarkMDS,MDS,ProjectionByClustering,MTSNE,UMAP
mq1,0.7115646258503401,0.5799805636540329,0.6806608357628765,0.5895043731778424,0.6954324586977648,0.7659863945578231,0.8600583090379008,0.9863945578231292
mq2,0.9307437892283984,0.8991774452480282,0.9216307201649404,0.9059141257134268,0.9222409247834888,0.9520630983253602,0.9726900547117032,0.957397623611402
mq3,0.9506343658220984,0.9402963237386508,0.955047275421613,0.9428694919167352,0.9220417290831092,0.9362195233262998,0.972021057831183,0.9197555423116366
mq4,0.1888670032817403,0.2935065292659286,0.2618617982095637,0.2936848880268161,0.1885076154728197,0.2590813433780173,0.0094461308517415,0.0
mq5,0.9393411533211208,0.9594508186987896,0.9556194843287864,0.9606032692481536,0.948066847822513,0.893472721382793,0.9014289862356344,0.5485045408846098
