,IDMAP,IncrementalPCA,LAMP,LandmarkMDS,MDS,ProjectionByClustering,MTSNE,UMAP
mq1,0.8196655874395706,0.8023683860380539,0.7913247882201624,0.7907925666385772,0.7934093227480374,0.7858251652104492,0.8097751363817804,0.958309309442498
mq2,0.8293812841213515,0.7879064666165672,0.7623194166785145,0.7889734796970316,0.7862790319480788,0.8196147832143503,0.9755842382274644,0.8737489165933342
mq3,0.8063863550103094,0.79908213883992,0.8306299599576489,0.8016931748108865,0.7285060200312619,0.788394681818678,0.9403015397258784,0.8843345717295005
mq4,0.395257104119407,0.7526242852274508,0.6394521314684933,0.7523301342039431,0.3935199601936603,0.0626027086566531,0.0,0.0
mq5,0.4451445655185568,0.139555053775806,0.2051703964732757,0.1561147535845908,0.4118372556608082,0.2163477482118912,0.1641882083420895,0.8707002025135449
