,IDMAP,IncrementalPCA,LAMP,LandmarkMDS,MDS,ProjectionByClustering,MTSNE,UMAP
mq1,0.4216027874564459,0.4006968641114982,0.4018583042973286,0.3972125435540069,0.4285714285714285,0.4250871080139373,0.3995354239256677,0.775842044134727
mq2,0.8855255516840883,0.8393064542890327,0.8459328853492616,0.8355214036834246,0.8825286212045794,0.8623589679774348,0.9500477020076324,0.8588020574083292
mq3,0.9214887174381948,0.9118031358885016,0.9108076157292184,0.9161066865770698,0.9248900779824124,0.8463269454123112,0.9415339306454288,0.8086423593827775
mq4,0.2681203731442264,0.4400268714647558,0.4110216252557759,0.4825731893438718,0.2640626417307455,0.1039347410325831,0.0,0.0
mq5,0.8360943427899248,0.6919398107542187,0.7211404700854998,0.7498312784407565,0.8380965131550362,0.575404804191127,0.7170354192211051,0.3847249925923393
