,IDMAP,IncrementalPCA,LAMP,LandmarkMDS,MDS,ProjectionByClustering,MTSNE,UMAP
mq1,0.6448007774538386,0.640427599611273,0.6472303206997083,0.6486880466472303,0.6530612244897959,0.6384839650145773,0.6428571428571428,0.8542274052478133
mq2,0.9673239310868214,0.9490465545127692,0.968733581266934,0.9481176620067512,0.9699440604106356,0.9413115069349296,0.9880566057821412,0.9510331139017948
mq3,0.9791471358861564,0.9698564938342829,0.981643641808061,0.9724354153574604,0.9789754367168372,0.9540464343233508,0.9901702225564633,0.9580092511512428
mq4,0.202553480312207,0.3431613038491417,0.2841777072492863,0.3373007916596984,0.2012525020661605,0.1664402490620632,0.0,0.0
mq5,0.9148989801877692,0.8455103717497567,0.855797150019133,0.8404711919280098,0.9192899724611788,0.8016189816714028,0.606502356014168,0.6687440228693544
