,IDMAP,IncrementalPCA,LAMP,LandmarkMDS,MDS,ProjectionByClustering,MTSNE,UMAP
mq1,0.8824302134646962,0.8732348111658457,0.8962233169129722,0.865024630541872,0.8706075533661739,0.8909688013136289,0.9116584564860428,0.9776683087027916
mq2,0.8771098615112929,0.8699522880069399,0.8676309756173126,0.8645707469715277,0.8518573597298386,0.9109706602224494,0.9536248722000186,0.9319918208011896
mq3,0.926834897914924,0.9364470056077084,0.9449042661957432,0.9369094091768132,0.8902058741518728,0.9149061251045636,0.9498900145614524,0.9152802305046938
mq4,0.2710911413065998,0.4139217935077432,0.3829931738751118,0.4204698247653519,0.2751129226959586,0.1439470067625024,0.0,0.0025763333643685
mq5,0.8400316122333213,0.8064271256967359,0.7657932361827268,0.8075045293899955,0.8402172696906196,0.6772015133172062,0.6913595537428234,0.4858326028842379
