,IDMAP,IncrementalPCA,LAMP,LandmarkMDS,MDS,ProjectionByClustering,MTSNE,UMAP
mq1,0.7715074980268348,0.7790055248618785,0.7951854775059196,0.7884767166535123,0.7884767166535123,0.787687450670876,0.7975532754538279,0.9052880820836622
mq2,0.7949594910920879,0.738837283036178,0.7560392339397864,0.6670298189635206,0.7608940067503603,0.8831076842126566,0.874642750333358,0.8177773730259918
mq3,0.8922224695705359,0.8795694790169928,0.8804970351931678,0.8135780732465816,0.8720770737345322,0.8371537404686575,0.907024017521255,0.862641859879429
mq4,0.358189845888007,0.689110082265653,0.6384250035467249,0.739743646295731,0.3436722295175939,0.0,0.0011972101318301,0.0896567216691337
mq5,0.6675360265829563,0.4349719107746819,0.4542763852923591,0.4934220898410772,0.6863305025073536,0.4528765934219064,0.5495092050140983,0.3339730063669774
