,IDMAP,IncrementalPCA,LAMP,LandmarkMDS,MDS,ProjectionByClustering,MTSNE,UMAP
mq1,0.8947586779145346,0.9018116443092242,0.8975245470889227,0.8987691882173974,0.900013829345872,0.8995989489697137,0.9025031116028212,0.9473101922279076
mq2,0.7388895008201533,0.7087649365730989,0.7254620449407734,0.7108040208484832,0.7131749011715973,0.8447328459954843,0.865084582282037,0.8053261114017409
mq3,0.8814332506729966,0.8785745543824818,0.8664422126845142,0.8839084600143814,0.8660343687661382,0.8614889523553324,0.9117538885224818,0.9020288272850016
mq4,0.3296996586308415,0.6737123779714319,0.6229347453452471,0.671691848028546,0.3225267785671908,0.5353971479748195,0.0,0.4996711873186701
mq5,0.7469323013339537,0.8201322962908486,0.7888375512073617,0.8053905891727098,0.7655917009382824,0.6356828464972666,0.5343022340286967,0.4812648438498256
