,IDMAP,IncrementalPCA,LAMP,LandmarkMDS,MDS,ProjectionByClustering,MTSNE,UMAP
mq1,0.9780990218008214,0.9783327212633124,0.9766300537508764,0.9772309952258538,0.97786532233833,0.9795346042132674,0.98160451373819,0.9897506092878844
mq2,0.866503390456983,0.8441788417599319,0.866898589420833,0.8389799048187052,0.833580184713627,0.925946322465646,0.987872025748806,0.965945460759501
mq3,0.952933064362534,0.9708880839275502,0.9729414570800096,0.9678336188113016,0.8726267841486495,0.9544166132063632,0.983586609962606,0.9840205606715752
mq4,0.3424882442322609,0.5856129491047651,0.491451316860608,0.5874555222467714,0.3313477091322893,0.4059729873994315,0.0,0.0218243545838363
mq5,0.7242357212104883,0.6047979053984227,0.6046568362764828,0.591829608443716,0.7229160614507522,0.5923445498362663,0.5597644322732268,0.5200419216345411
