,IDMAP,IncrementalPCA,LAMP,LandmarkMDS,MDS,ProjectionByClustering,MTSNE,UMAP
mq1,0.9079102715466352,0.9138134592680048,0.9079102715466352,0.911452184179457,0.9031877213695396,0.8878394332939787,0.911452184179457,0.9551357733175916
mq2,0.96803692175593,0.9609745626274552,0.9709026510679404,0.9543737254481056,0.9276913169475152,0.9075024149404316,0.9805409466566491,0.9573038531716218
mq3,0.9786626596543953,0.980884404851347,0.9844477836213372,0.9789202533004184,0.9360309112375228,0.9315981539122036,0.9824406997960716,0.938993238166792
mq4,0.1283278929399327,0.2127802459210237,0.1649483536256634,0.2272838077910339,0.1543064697924806,0.0825181939956885,0.0,0.0
mq5,0.9599241980566589,0.9475650498222628,0.9526744762559828,0.9413650885232462,0.9376426081659676,0.8042801846684423,0.8271444376740519,0.3453400288503828
