,IDMAP,IncrementalPCA,LAMP,LandmarkMDS,MDS,ProjectionByClustering,MTSNE,UMAP
mq1,0.8090787716955941,0.8170894526034713,0.7983978638184246,0.8170894526034714,0.8064085447263017,0.8064085447263017,0.8197596795727636,0.9265687583444592
mq2,0.9132732532265242,0.8882120605251447,0.8837477748108589,0.8691727859368046,0.8992406542056075,0.8695204717400979,0.9272363150867824,0.8710363818424566
mq3,0.9673314419225634,0.955301513128616,0.9608644859813084,0.946192145082332,0.9415470627503336,0.8921200489541611,0.9453437917222964,0.8562388740542946
mq4,0.147048814467607,0.3407344137014142,0.3024975989350407,0.3884572190408533,0.1649821552199007,0.0810800862413031,0.0,0.0763341168237075
mq5,0.9631671275028753,0.7934629572182769,0.829784554951993,0.7695827648209412,0.9518241258292156,0.7468779013468543,0.7091199115044358,0.3963428139103929
