,IDMAP,IncrementalPCA,LAMP,LandmarkMDS,MDS,ProjectionByClustering,MTSNE,UMAP
mq1,0.5018963337547409,0.484197218710493,0.4974715549936789,0.4788242730720606,0.5009481668773704,0.5316055625790139,0.5309734513274337,0.7626422250316056
mq2,0.7496029595993475,0.7255834487187205,0.7452921328666318,0.7091134388858789,0.7547738016403358,0.8317587886397712,0.8770815953857312,0.815610567868108
mq3,0.8945793235119586,0.9066732887845405,0.9064210176274472,0.8802428683230561,0.8966519604048953,0.8443959969154118,0.9205582359365996,0.8420897225303944
mq4,0.3079976501824592,0.6119509611997858,0.5944253839372466,0.6592564574994089,0.2968568074707833,0.4519284129038206,0.001104088476689,0.0125473788842658
mq5,0.8047625560962982,0.5337118030882958,0.5363588261117063,0.5609194532049315,0.8115205486365343,0.4261895714506677,0.4398916042767389,0.3357655325468233
