,IDMAP,IncrementalPCA,LAMP,LandmarkMDS,MDS,ProjectionByClustering,MTSNE,UMAP
mq1,0.2971428571428571,0.2946428571428571,0.3057142857142856,0.2946428571428571,0.2821428571428571,0.2967857142857142,0.2989285714285714,0.61
mq2,0.928450238707308,0.9244023136246786,0.9420088138082996,0.920187293426368,0.9347576202717592,0.9234135145060596,0.9786191700330518,0.94386705839148
mq3,0.9345097319133308,0.9596483657730444,0.9637146529562982,0.954987146529563,0.9397410943811972,0.9541672787366876,0.9759428938670583,0.9525201983106868
mq4,0.3824012268118968,0.6104172383431933,0.5696909309718402,0.610599592287422,0.3551816870040648,0.00583728564792,0.0286874204469701,0.0
mq5,0.6470137564554074,0.6442983480929316,0.6360075014876322,0.6157802108392965,0.6784669270166674,0.5756152617061159,0.5951795205797189,0.5091119898635634
