,IDMAP,IncrementalPCA,LAMP,LandmarkMDS,MDS,ProjectionByClustering,MTSNE,UMAP
mq1,0.702116402116402,0.6875661375661376,0.7018518518518518,0.6994708994708995,0.6947089947089946,0.6888888888888888,0.715079365079365,0.9941798941798944
mq2,0.8965658475110271,0.8193606785289205,0.8836598953801222,0.8369265160380472,0.8975085266200578,0.8549484402036387,0.976572048689251,0.9471979676138468
mq3,0.934162990968284,0.9251757833988458,0.9567327792280532,0.9288424800712136,0.9317760374471148,0.930794350926676,0.971603104589872,0.8001100209039718
mq4,0.2642202900420234,0.4806620725033554,0.3625974708167138,0.4913377992480054,0.25767187563163,0.0123385677065858,0.0483632712262701,0.0
mq5,0.849517976270403,0.7932256137461271,0.8301146056240678,0.8045216421603766,0.8704007384320991,0.7559166169929314,0.7494807934959037,0.4467366669182853
