,IDMAP,IncrementalPCA,LAMP,LandmarkMDS,MDS,ProjectionByClustering,MTSNE,UMAP
mq1,0.6248571428571429,0.5154285714285715,0.5665714285714285,0.5231428571428571,0.608,0.7417142857142858,0.9025714285714288,0.9668571428571427
mq2,0.8603038270522934,0.7870867659947415,0.8301221151037101,0.8081606777680397,0.8556652059596845,0.9096640373940988,0.97497867367806,0.9642161846333626
mq3,0.9221425650014607,0.907572304995618,0.9319257960853052,0.9199374817411629,0.9246900379783816,0.900241308793456,0.9665176745544845,0.93554016944201
mq4,0.305849039183459,0.4818890266288537,0.3778109863086927,0.4613528771238769,0.2858551159959988,0.3386145462935551,0.0059532231236423,0.0
mq5,0.7489696362235044,0.6635761546608372,0.711232635571572,0.6853178275106204,0.7840659875457424,0.555977648302539,0.5865621452610332,0.4035638852171722
