,IDMAP,IncrementalPCA,LAMP,LandmarkMDS,MDS,ProjectionByClustering,MTSNE,UMAP
mq1,0.7614285714285715,0.7411428571428571,0.7848571428571429,0.6788571428571429,0.8134285714285714,0.8422857142857142,0.9597142857142856,1.0
mq2,0.883234589541338,0.8529097283085013,0.872027461291265,0.8299094361671049,0.9029138182880514,0.904264095822378,0.972888694127958,0.9546614081215308
mq3,0.935298860648554,0.9352375109553024,0.944761320479112,0.9272591294186386,0.9435687992988606,0.9173905930470349,0.9722664329535496,0.9467338591878468
mq4,0.2849001723507108,0.4289978219793239,0.3442057009326363,0.4422393289188466,0.2733227641053612,0.2498786205284556,0.0,0.0425967981622559
mq5,0.807949374090691,0.7412158135242907,0.7635373933670896,0.7106033964168894,0.8180002224022246,0.5995700672318565,0.6155198606361242,0.4366514342874387
