,IDMAP,IncrementalPCA,LAMP,LandmarkMDS,MDS,ProjectionByClustering,MTSNE,UMAP
mq1,0.9571428571428572,0.89,0.9542857142857142,0.8868571428571429,0.9471428571428572,0.948,0.9774285714285714,0.9971428571428572
mq2,0.9088600642711072,0.8754309085597429,0.8978848962898043,0.8749558866491381,0.902770084721005,0.9176248904469764,0.9702623429739994,0.941794916739702
mq3,0.9435238095238097,0.932032135553608,0.945307624890447,0.9349547180835523,0.9399690330119778,0.9168892784107509,0.9663692667250948,0.9442126789366052
mq4,0.2369015425430497,0.3499373271118515,0.2863075156562884,0.3497677523150172,0.2316582425009667,0.3472982751551077,0.0,0.0
mq5,0.8977050456915301,0.8690390904121306,0.8857221197190168,0.8669593703707303,0.8950761321970687,0.7326150826399758,0.7830218535384073,0.6065981083457614
