,IDMAP,IncrementalPCA,LAMP,LandmarkMDS,MDS,ProjectionByClustering,MTSNE,UMAP
mq1,0.7885714285714285,0.6777142857142857,0.8231428571428571,0.7117142857142856,0.8225714285714285,0.8857142857142858,0.9837142857142858,1.0
mq2,0.9112556237218814,0.8677990067192521,0.9141928133216476,0.8766064855390009,0.9229921121822964,0.9475956763073328,0.9851013730645632,0.9787952088810984
mq3,0.9477598597721296,0.941103125912942,0.9590172363423896,0.9435501022494888,0.9494887525562372,0.945534910896874,0.9843090855974292,0.975162138475022
mq4,0.2772587367856715,0.4372927700751896,0.3182404724723156,0.4286235828120158,0.2738654045036515,0.35408890827043,0.0,0.0135877204556704
mq5,0.8084657587552874,0.7196330301630286,0.7820797392803702,0.7480238194500436,0.8122392502614986,0.6428423608398977,0.6327446659186563,0.4649506251207309
