,IDMAP,IncrementalPCA,LAMP,LandmarkMDS,MDS,ProjectionByClustering,MTSNE,UMAP
mq1,0.9728571428571428,0.7954285714285714,0.9688571428571428,0.8417142857142856,0.9714285714285716,0.9734285714285712,0.994,0.9965714285714286
mq2,0.9400853052877592,0.8360753724802805,0.9305141688577272,0.8899275489336839,0.9373531989482908,0.930619339760444,0.977804265264388,0.9695115395851592
mq3,0.9524177621969032,0.9315331580484956,0.9572696465089104,0.9375501022494888,0.9504212678936604,0.942260005842828,0.9797832310838446,0.9688191644756062
mq4,0.2458821036610253,0.4109089301037436,0.2768125066864462,0.3632839470183482,0.2372694027524893,0.3074983953723082,0.0,0.0590937228543897
mq5,0.8539552934862437,0.7373198859897759,0.8385639155685519,0.8421182652097065,0.8720579077598021,0.7331388028717796,0.6738857400756886,0.5347165613400615
