,IDMAP,IncrementalPCA,LAMP,LandmarkMDS,MDS,ProjectionByClustering,MTSNE,UMAP
mq1,1.0,1.0,1.0,1.0,1.0,0.902,1.0,1.0
mq2,0.9857434998539292,0.9857329827636576,0.9858194566170028,0.985239263803681,0.9860070113935144,0.9723938066023956,0.9853128834355828,0.9900853052877592
mq3,0.9866462167689162,0.9874005258545137,0.986993280747882,0.9869126497224656,0.9871808355243938,0.9855652936021034,0.9862378030966988,0.991289512123868
mq4,0.3193485373168847,0.5156487581867849,0.3152162089181062,0.530206876588317,0.3037240445996116,0.1168986476227461,0.0107266025425433,0.1250347631692412
mq5,0.682136393194354,0.6481555063626488,0.6939151167813735,0.6545468679830867,0.7327312733259833,0.6538951301196578,0.6780900498029244,0.8167528246379928
