,IDMAP,IncrementalPCA,LAMP,LandmarkMDS,MDS,ProjectionByClustering,MTSNE,UMAP
mq1,1.0,0.9651428571428572,1.0,1.0,1.0,0.9131428571428571,1.0,1.0
mq2,0.9862751971954424,0.9706748466257668,0.9865089103125912,0.9857096114519428,0.986277534326614,0.9670166520595967,0.9861262050832604,0.9908267601519136
mq3,0.9873461875547764,0.9847028921998248,0.9879018404907975,0.9869675723049957,0.9813976044405492,0.9857002629272568,0.987653520303827,0.992428279287175
mq4,0.3248411164662513,0.5315761488560625,0.342794403280674,0.5502299453500222,0.3156801434556087,0.0445645847976957,0.0,0.0310604798715303
mq5,0.7263262033081765,0.7304558219426749,0.6894795944960173,0.5962481338936924,0.7129001992780118,0.6175157432745093,0.6592320241338464,0.9161317471342588
