,IDMAP,IncrementalPCA,LAMP,LandmarkMDS,MDS,ProjectionByClustering,MTSNE,UMAP
mq1,1.0,1.0,1.0,1.0,1.0,0.9731428571428572,1.0,1.0
mq2,0.8151586327782647,0.8058661992404323,0.8197779725387088,0.8130820917323984,0.8052439380660239,0.796633362547473,0.909635407537248,0.863973122991528
mq3,0.8543768624014023,0.8592007011393514,0.8657557697925796,0.8589179082676015,0.8460286298568507,0.8126771837569384,0.918884019865615,0.8988740870581361
mq4,0.3045433600134947,0.4831304546281213,0.4517997593801199,0.4856538308838333,0.296931146489535,0.0011324433503734,0.0,0.0
mq5,0.8232974683222545,0.8582092098325858,0.8545512534382953,0.8516517533717113,0.8257415528664813,0.6582379224173541,0.7826641158972668,0.7110521030248308
