,IDMAP,IncrementalPCA,LAMP,LandmarkMDS,MDS,ProjectionByClustering,MTSNE,UMAP
mq1,0.9997142857142858,1.0,1.0,1.0,1.0,0.9894285714285714,1.0,1.0
mq2,0.8039941571720712,0.7845124160093485,0.7946281040023371,0.7920391469471224,0.8006801051709027,0.7682740286298568,0.9088799298860648,0.8379351446099912
mq3,0.8340192813321647,0.8530230791703184,0.8632971078001753,0.8561425650014607,0.8373374233128834,0.8173695588664914,0.9133643003213556,0.9107876132047912
mq4,0.327821976282616,0.5416837854238504,0.5086261125623086,0.5425279050521287,0.3193598223675358,0.0032968270058459,0.0007931284364645,0.0
mq5,0.7451131235007797,0.767177400536209,0.7729187246180416,0.7717506120910544,0.7726553087028933,0.6219362080740974,0.7351186946312596,0.6698380410085081
