,IDMAP,IncrementalPCA,LAMP,LandmarkMDS,MDS,ProjectionByClustering,MTSNE,UMAP
mq1,1.0,1.0,1.0,1.0,1.0,1.0,1.0,1.0
mq2,0.8315910020449898,0.8224849547180836,0.832765410458662,0.8223891323400526,0.8174338299737073,0.8300239555945077,0.9214262342974,0.8651539585159217
mq3,0.8732217353198948,0.8692106339468303,0.8819310546304411,0.8676243061641835,0.8591539585159217,0.8290125620800468,0.9226023955594508,0.9146993865030676
mq4,0.2440654731563269,0.379251560521845,0.3449158913405603,0.3803625664701896,0.2389198197075907,0.0604384903448809,0.0,0.0
mq5,0.8988136761382151,0.8969206321462755,0.901503822393975,0.900125053847804,0.8988873333982625,0.7242763815735698,0.7956751513375069,0.8136648820370925
