,IDMAP,IncrementalPCA,LAMP,LandmarkMDS,MDS,ProjectionByClustering,MTSNE,UMAP
mq1,1.0,1.0,1.0,0.9945714285714288,1.0,0.8825714285714287,1.0,1.0
mq2,0.9856430032135554,0.9854244814490212,0.9860718667835232,0.9838258837277242,0.9865737657026,0.9572205667543092,0.9873228162430616,0.9907344434706398
mq3,0.9871895997662868,0.986938358165352,0.9874951796669588,0.9866847794332456,0.987754601226994,0.9869523809523808,0.988405492258253,0.9919509202453988
mq4,0.3024407021520941,0.480200941099811,0.2958543573402413,0.5088413750213236,0.2905053709993409,0.0155561091769284,0.0,0.0
mq5,0.7822755506923743,0.7320701127170497,0.7613592807667399,0.7205713650045692,0.7739356821140667,0.7123700839120629,0.7259187361889133,0.5770396552852428
