,IDMAP,IncrementalPCA,LAMP,LandmarkMDS,MDS,ProjectionByClustering,MTSNE,UMAP
mq1,1.0,1.0,1.0,1.0,1.0,0.9937142857142858,1.0,1.0
mq2,0.8382938942448145,0.8231738241308794,0.8326871165644172,0.8220753724802805,0.8268635699678645,0.7827519719544259,0.9276453403447268,0.869790826760152
mq3,0.8813210633946831,0.8710820917323985,0.8882740286298568,0.8738381536663745,0.8621460706982179,0.828073035349109,0.9246952965235172,0.9184907975460124
mq4,0.1962370462597715,0.304942921580601,0.2736987289765415,0.3073032220308295,0.1983642284870618,0.0003244861337511,0.0,0.0
mq5,0.9230064736142156,0.9056716939487376,0.9152574915633412,0.9101886440495396,0.9166030114156511,0.7553645001279813,0.8135500708963217,0.8023455375668824
