,IDMAP,IncrementalPCA,LAMP,LandmarkMDS,MDS,ProjectionByClustering,MTSNE,UMAP
mq1,1.0,1.0,1.0,1.0,1.0,0.9897142857142858,1.0,1.0
mq2,0.8310283377154543,0.8180157756354075,0.8244569091440257,0.8141758691206544,0.8272491966111598,0.7945410458661992,0.9185410458661992,0.8644802804557405
mq3,0.8709138182880514,0.8612036225533158,0.8699509202453988,0.8588898626935437,0.856751971954426,0.8133245690914402,0.9161565877884896,0.9029874379199532
mq4,0.2701249844443861,0.4341735831261487,0.397188660051155,0.4347484860743485,0.2676332339018462,0.00096486228792,0.0,0.0
mq5,0.8908935771040647,0.881028555861439,0.8828424207072819,0.8833499915204568,0.8716768666460475,0.6928961289668788,0.8060452125501686,0.7718421796087321
