,IDMAP,IncrementalPCA,LAMP,LandmarkMDS,MDS,ProjectionByClustering,MTSNE,UMAP
mq1,1.0,1.0,1.0,1.0,1.0,0.8994285714285715,1.0,1.0
mq2,0.9859883143441426,0.9862243645924628,0.9855460122699388,0.98605901256208,0.9860771253286592,0.956574934268186,0.9858977505112474,0.9895097867367806
mq3,0.9866760151913526,0.987229330996202,0.9871007887817704,0.9873689745836984,0.9871189015483494,0.984351153958516,0.987148699970786,0.9911130587204208
mq4,0.307932398717981,0.4853365069127426,0.2933124834246505,0.4930478803847451,0.28590071485803,0.0247362214088759,0.0,0.0
mq5,0.7790217537148093,0.7589437918696281,0.8073299717421137,0.7210390285932881,0.8281173906399102,0.7637928512187278,0.9998987927156544,0.5448349550438986
