,IDMAP,IncrementalPCA,LAMP,LandmarkMDS,MDS,ProjectionByClustering,MTSNE,UMAP
mq1,1.0,1.0,1.0,1.0,1.0,0.9945714285714286,1.0,1.0
mq2,0.8263388840198657,0.8141028337715455,0.8249652351738241,0.8139117732982764,0.8172749050540462,0.812888109845165,0.925229915278995,0.904843120070114
mq3,0.8643932223196027,0.8526456324861234,0.8663587496348233,0.8577113643003214,0.8559924043236926,0.8092264095822378,0.913362547472977,0.8962342973999415
mq4,0.2473371354629595,0.38948040765267,0.3617377754885927,0.3912308267360463,0.2444843255161244,0.0005713123385139,0.0,0.0
mq5,0.8883207875136753,0.8965872018195697,0.8954304455890443,0.8940870414808312,0.8945725837934128,0.6923559079603818,0.8081964309959002,0.7880711242014534
