,IDMAP,IncrementalPCA,LAMP,LandmarkMDS,MDS,ProjectionByClustering,MTSNE,UMAP
mq1,1.0,1.0,1.0,1.0,1.0,1.0,1.0,1.0
mq2,0.9497557697925796,0.9454139643587496,0.9475372480280456,0.9455384165936314,0.949070406076541,0.9384767747589834,0.9760484954718084,0.9702214431784985
mq3,0.9575787321063396,0.952843120070114,0.9549219982471516,0.9527911189015484,0.9563605024832018,0.954086473853345,0.981006719252118,0.9736114519427402
mq4,0.1911128268505473,0.310697649830876,0.1888651582908755,0.293622624787749,0.1843899519161461,0.027215911078263,0.0,0.1171421545568782
mq5,0.9189639490624626,0.9340525793327538,0.9477771857529588,0.9481079430138144,0.9356270872182276,0.8363908047635767,0.2421499138002888,0.8319955141229042
