,IDMAP,IncrementalPCA,LAMP,LandmarkMDS,MDS,ProjectionByClustering,MTSNE,UMAP
mq1,1.0,0.9977142857142858,1.0,0.9988571428571428,1.0,0.9528571428571428,1.0,1.0
mq2,0.9862342973999416,0.9846076541045866,0.9855746421267894,0.9844615834063688,0.9862868828513,0.9674338299737072,0.9865539000876424,0.9894688869412795
mq3,0.9875156295647092,0.9875144609991237,0.9869804265264388,0.9865550686532282,0.9879737072743208,0.9863710195734736,0.9877341513292434,0.9913905930470348
mq4,0.3152788156589898,0.5100821187163929,0.3006780099518973,0.5185529449216304,0.2918119872203428,0.0460967552007303,0.0032519248235161,0.1043262465380829
mq5,0.7434198275781496,0.735603965225919,0.7693991777550785,0.6993023124445896,0.7637625499243385,0.6826808468948617,0.733112515864707,1.0
