,IDMAP,IncrementalPCA,LAMP,LandmarkMDS,MDS,ProjectionByClustering,MTSNE,UMAP
mq1,1.0,0.9997142857142858,1.0,0.9902857142857142,1.0,0.9182857142857144,1.0,1.0
mq2,0.9862378030966988,0.9857662868828512,0.9856803973122992,0.9852491966111598,0.9863482325445516,0.9712795793163892,0.9858381536663744,0.9900969909436168
mq3,0.9871189015483494,0.9874864154250658,0.9872550394390884,0.9869804265264388,0.9874016944200992,0.986355243938066,0.9870540461583406,0.9912246567338592
mq4,0.3209706623861041,0.5055017919847835,0.3092001256984574,0.4980838905957456,0.3005510266812383,0.0366140601044013,0.0050807241903445,0.0632238851489339
mq5,0.7403527815994507,0.732085815380121,0.6904490588984951,0.7475077482079548,0.7433608034865167,0.6602628173132767,0.6308667329473912,0.4866788644431793
