,IDMAP,IncrementalPCA,LAMP,LandmarkMDS,MDS,ProjectionByClustering,MTSNE,UMAP
mq1,1.0,0.9988571428571428,1.0,1.0,1.0,0.9977142857142858,1.0,1.0
mq2,0.9485661700262928,0.9452088810984516,0.950309669880222,0.94365001460707,0.949075080338884,0.9375331580484956,0.9778422436459246,0.9723038270522932
mq3,0.9575179666958809,0.9546216768916156,0.9582991527899504,0.9547607361963192,0.9584545720128542,0.954778848962898,0.9827192521180252,0.9748226701723636
mq4,0.2310767857206574,0.3775541355113758,0.2246335760252629,0.3535778554470908,0.2251610263362671,0.0026574918704769,0.0,0.0123604084890263
mq5,0.8921961699589045,0.912894791176342,0.8983891511020766,0.8883135303848569,0.9039086369898798,0.723336943812889,0.3131916060718442,0.8796573150006459
