,IDMAP,IncrementalPCA,LAMP,LandmarkMDS,MDS,ProjectionByClustering,MTSNE,UMAP
mq1,1.0,1.0,1.0,1.0,1.0,1.0,1.0,1.0
mq2,0.9143482325445516,0.9108933683903008,0.9151679813029506,0.912336546888694,0.916305579900672,0.9198369851007888,0.9683558282208587,0.9593567046450482
mq3,0.933958515921706,0.9254425942156004,0.9308869412795792,0.9288828513000292,0.9354192229038856,0.9377879053461876,0.9717575226409584,0.9610242477359042
mq4,0.1678856077589605,0.3098013284778649,0.1736413318214416,0.2684170253182283,0.1639058766485452,0.1551744081092959,0.0,0.1127670768135321
mq5,0.917768348820734,0.7844649787055065,0.91518895887005,0.903483368039958,0.9172252270008674,0.7915139893077228,0.7452180485251864,0.7740077576342425
