,IDMAP,IncrementalPCA,LAMP,LandmarkMDS,MDS,ProjectionByClustering,MTSNE,UMAP
mq1,1.0,1.0,1.0,0.9977142857142858,1.0,0.938,1.0,1.0
mq2,0.9862115103710196,0.9862039146947122,0.986332456909144,0.985781478235466,0.986423605024832,0.9784347063978964,0.9866532281624306,0.9899164475606194
mq3,0.9873777388255917,0.9878802220274612,0.9875086181711948,0.9877651183172655,0.9872456909144026,0.9880660239555944,0.9878802220274612,0.9910674846625768
mq4,0.310406429952007,0.4900987654607412,0.3207875186479407,0.4801801495704642,0.2970481975916628,0.1546579801989001,0.0068387580492573,0.0
mq5,0.7658865204528049,0.7269524106544998,0.6827170429491175,0.7305375415056425,0.7635605924870512,0.638606715918982,0.6619301074098858,0.9463111110269096
