,IDMAP,IncrementalPCA,LAMP,LandmarkMDS,MDS,ProjectionByClustering,MTSNE,UMAP
mq1,1.0,1.0,1.0,1.0,1.0,1.0,1.0,1.0
mq2,0.8324872918492551,0.8173006134969325,0.8282243645924627,0.8151948583114228,0.8270961145194274,0.8408080631025416,0.9240701139351446,0.8717838153666375
mq3,0.8776698802220275,0.8627397020157757,0.8814145486415426,0.865416885772714,0.8687210049664038,0.8427338591878469,0.9215255623721882,0.9183704352906809
mq4,0.2207548128404549,0.3483096114726249,0.3142277935969865,0.3488863686920624,0.2185303062852077,0.0968104370005128,0.0096680571101511,0.0
mq5,0.9097674836203002,0.8994040485501824,0.9074755992874144,0.8984585105801415,0.910856382710426,0.7790612354242482,0.8219164235278135,0.8097764846451053
