,IDMAP,IncrementalPCA,LAMP,LandmarkMDS,MDS,ProjectionByClustering,MTSNE,UMAP
mq1,1.0,1.0,1.0,1.0,0.9982857142857142,0.9477142857142856,1.0,1.0
mq2,0.9851405200116856,0.9852147239263804,0.9850154834940112,0.9854268185801928,0.9843768624014024,0.9764025708442886,0.98496640373941,0.9902956470931932
mq3,0.9865825299444932,0.9867648261758692,0.9866888694127958,0.9866806894536956,0.983403447268478,0.9866818580192812,0.9862822085889572,0.9914618755477652
mq4,0.3199896632465657,0.514879231187054,0.3166833602793426,0.5231279715876447,0.3058039354572593,0.0485498040486034,0.0,0.0
mq5,0.7920827243378121,0.7730424044875636,0.7147444756490019,0.7594935504625201,0.7371442909287378,0.6835843810558426,1.0,0.5022825638018225
