,IDMAP,IncrementalPCA,LAMP,LandmarkMDS,MDS,ProjectionByClustering,MTSNE,UMAP
mq1,1.0,1.0,1.0,1.0,1.0,1.0,1.0,1.0
mq2,0.9166900379783816,0.911635991820041,0.9138194566170026,0.9113829973707276,0.9175354951796668,0.919571720712825,0.9636938358165352,0.9545176745544844
mq3,0.9333567046450482,0.9293759859772128,0.9323330411919368,0.9295302366345312,0.936733274905054,0.9238439964943032,0.9696885772713992,0.956491966111598
mq4,0.2195541458130934,0.2287889830808014,0.179637967972331,0.2246915638488379,0.1543261596724674,0.0849667525742215,0.0,0.0401863797146075
mq5,0.9322930201348189,0.93229119190341,0.9398879442122196,0.9274172642952648,0.9078626303192656,0.8318897105598019,0.5755845888809793,0.7133703184393293
