,IDMAP,IncrementalPCA,LAMP,LandmarkMDS,MDS,ProjectionByClustering,MTSNE,UMAP
mq1,1.0,1.0,1.0,1.0,1.0,1.0,1.0,1.0
mq2,0.825298276365761,0.8175243938066024,0.8254478527607362,0.8111323400525855,0.8216424189307625,0.8357107800175285,0.9257043529068067,0.8618428279287175
mq3,0.859808939526731,0.8673339176161262,0.8801355536079463,0.8627239263803681,0.8610943616710488,0.8490896874087058,0.919521472392638,0.90822787028922
mq4,0.2847969881990436,0.4453169197566556,0.4071272731179111,0.4499338299884332,0.276301266472636,0.1568754634654994,0.0215644533713963,0.0
mq5,0.8576753343065887,0.886106057185348,0.8795256840422309,0.8782158365442913,0.8594184808256181,0.782488152724109,0.8129312448304622,0.7563065832933462
