,IDMAP,IncrementalPCA,LAMP,LandmarkMDS,MDS,ProjectionByClustering,MTSNE,UMAP
mq1,1.0,0.9987444196428572,1.0,0.9927455357142858,1.0,0.9474051339285714,1.0,1.0
mq2,0.9811563789045974,0.9812021014754618,0.980742534550839,0.9796322473029192,0.9816061678095472,0.968262751639402,0.9839830529015654,0.978607207860316
mq3,0.9882563229357636,0.9889389939712312,0.9878304970649416,0.9887105188354957,0.988932108041884,0.9884923725937808,0.991864274476449,0.9841622247831758
mq4,0.3182826065682924,0.5165872937507333,0.3048705128604926,0.5112041685430992,0.300412329477312,0.0,0.0326169613159842,0.0916195719946251
mq5,0.7581920614693796,0.6484338469278509,0.7499057125540718,0.6586877875112241,0.7654077930323642,0.7069473072986744,0.2037835518999694,0.5998889543916801
