,IDMAP,IncrementalPCA,LAMP,LandmarkMDS,MDS,ProjectionByClustering,MTSNE,UMAP
mq1,0.94959003947768,0.8505921651989068,0.9532775150752678,0.8556244848379679,0.9432996399288534,0.7897271268057786,1.0,0.996442670599974
mq2,0.9837584921187,0.93115841139792,0.9845348883411452,0.9266676405821488,0.970730284073751,0.9167813542030414,0.9925690433773338,0.9876830489878166
mq3,0.9945927466930692,0.985354534447647,0.995629541056076,0.9851467843169258,0.9478393180096032,0.975689256033524,0.9979052754046078,0.9848290721490812
mq4,0.2406619280318247,0.5477708710231157,0.2413463860520083,0.5396764077279464,0.2474266210573949,0.0575805166284217,0.0355138147163519,0.0
mq5,0.891456785196944,0.6933541119445297,0.8951966750128001,0.6959844120459097,0.8915944808672953,0.8438642685192937,0.484559369108202,0.2049643598164565
