,IDMAP,IncrementalPCA,LAMP,LandmarkMDS,MDS,ProjectionByClustering,MTSNE,UMAP
mq1,0.5921975863036767,0.5811815885489755,0.7215127701375246,0.5768313219197305,0.7269155206286837,0.6863598091495929,0.9939657591916924,0.996421554869492
mq2,0.8290968562350356,0.8186680318638406,0.9034195417234056,0.8137937582076417,0.8945394538518311,0.8569861713149205,0.9976833920645316,0.9956882291590872
mq3,0.977626289401011,0.9834408859228768,0.9891736052639786,0.981326666735966,0.9758257537170438,0.9617901061319528,0.9946612128079056,0.9819927720779064
mq4,0.2939111755324524,0.6355526758279785,0.371503323523553,0.643637321952194,0.2743049600523765,0.1230834642409046,0.0,0.0
mq5,0.8611261818752926,0.7222497614326515,0.7583960420671737,0.7186600224586092,0.8610387317128138,0.5774270812203607,0.3076752659455865,0.8123510238884866
