,IDMAP,IncrementalPCA,LAMP,LandmarkMDS,MDS,ProjectionByClustering,MTSNE,UMAP
mq1,0.6275439636435487,0.5396825396825397,0.7241651847460975,0.5465323058684054,0.7102680629651583,0.6798392939471777,0.9981558321807285,0.9992096423631692
mq2,0.8419786787781589,0.7914727320816408,0.9018339556758794,0.7981100453979522,0.880392330649792,0.8703373065468751,0.9982302715642716,0.9974173898335276
mq3,0.9735049205378656,0.9717997123386316,0.9883390812501446,0.974858594165698,0.9705845100035972,0.9581392156255928,0.9957459982956158,0.9948557472178928
mq4,0.3008554046295074,0.668454881800886,0.3427208412517509,0.6527123041441452,0.2707131429500221,0.2002172337541468,0.0,0.1180522140479536
mq5,0.8339183432904678,0.6823721198195966,0.8153681613553584,0.7240419240478106,0.8770244705327497,0.6417023810002351,0.983879560736643,0.9245784866443711
