,IDMAP,IncrementalPCA,LAMP,LandmarkMDS,MDS,ProjectionByClustering,MTSNE,UMAP
mq1,0.9983719983719984,0.9853479853479852,0.9991859991859992,0.9377289377289376,0.9894179894179894,0.9633699633699632,1.0,0.9975579975579976
mq2,0.9796942708707416,0.9747145011850894,0.9771624889271948,0.941005291005291,0.9715746127510834,0.9567502214561038,0.9864145658263306,0.9744104479398596
mq3,0.9919437860614332,0.9870502046972636,0.9904438698556346,0.9868371280135986,0.9643958438076086,0.959683018506548,0.9942349589408412,0.9877169671287318
mq4,0.1463791885687248,0.2697451059099221,0.1547202175116018,0.2516154161357478,0.1678998956284491,0.0724102517413927,0.0,0.0733556133983388
mq5,0.9688041526872716,0.915312828675389,0.9702141684813754,0.9185473410414594,0.9486230686924254,0.8439491562418117,0.771218812415889,0.6620241568232899
