,IDMAP,IncrementalPCA,LAMP,LandmarkMDS,MDS,ProjectionByClustering,MTSNE,UMAP
mq1,0.591517857142857,0.5710346638655461,0.7354254201680672,0.5949973739495799,0.7600446428571429,0.6886160714285715,0.996192226890756,0.9969800420168068
mq2,0.8157169117647058,0.8089255087138781,0.9106869032254934,0.8163594147243193,0.9030635031148718,0.8617276197430473,0.9979144125895162,0.9952996729869776
mq3,0.967453804558775,0.9766220258311176,0.989545014021775,0.9824796344634852,0.9679692806683876,0.9603748702136744,0.9949703856715896,0.98177639271644
mq4,0.2993411063898686,0.6667523468716912,0.3315566440661762,0.6518733488525921,0.2792284813576669,0.1313148920877785,0.0,0.0
mq5,0.8327913694420302,0.6837236973842468,0.8103643799346752,0.7196013144923733,0.8574545559656108,0.6125704235141235,0.3609564813350867,0.133392884555778
