,IDMAP,IncrementalPCA,LAMP,LandmarkMDS,MDS,ProjectionByClustering,MTSNE,UMAP
mq1,0.9958183409510843,0.9458329281338133,0.9935816395993388,0.9722843528153262,0.9941651269084898,0.96683847126325,1.0,0.9977632986482544
mq2,0.9762616445671182,0.951916523696268,0.9761279120505604,0.9673260446777326,0.9749539339837604,0.9504983587251696,0.9811803331960658,0.9718379329982084
mq3,0.9923855839948924,0.9845794735994672,0.993064985198712,0.9911992665188338,0.9814561356678696,0.972473379225264,0.994932171267799,0.9924936372002908
mq4,0.1402337958117546,0.3402803322326563,0.1424852414464737,0.2826817932621643,0.1512247603502392,0.0398350224091368,0.0,0.0
mq5,0.9710533050809292,0.8705002241267998,0.9782340813226968,0.9120202563937888,0.9667668951087884,0.9132843306769588,0.677556493411407,0.5629519332750408
