,IDMAP,IncrementalPCA,LAMP,LandmarkMDS,MDS,ProjectionByClustering,MTSNE,UMAP
mq1,1.0,0.9938522454933832,0.9969782223611544,0.9938522454933836,0.9908304678545378,0.9623840783578202,1.0,0.9982286131082628
mq2,0.967601241809634,0.9670746526181588,0.9683732355086456,0.967077180981802,0.9625774598679736,0.929577410833042,0.9744336465439568,0.9653770479745508
mq3,0.9879246118578724,0.99117202679759,0.9920281460505428,0.9911396177727108,0.971168609675818,0.9637192842125908,0.9940345941440032,0.9918826502154472
mq4,0.1370075611961351,0.2040763114624387,0.1598391543304961,0.204330587363244,0.1476352353282723,0.0108945209826656,0.0,0.1166012452320912
mq5,0.9722709387409392,0.9536539450564768,0.9653414769190964,0.9534525398238912,0.963856035473354,0.89324170825,0.6497714286455146,0.5518882320197117
