,IDMAP,IncrementalPCA,LAMP,LandmarkMDS,MDS,ProjectionByClustering,MTSNE,UMAP
mq1,0.6044453059378432,0.5999224655941072,0.7374168120436777,0.6000516896039283,0.7036893454803903,0.7117012340892938,0.9980616398526844,0.997867803837953
mq2,0.8354590095567029,0.8302185941602496,0.9165385293132918,0.832444330883951,0.879549918647612,0.8780786739267065,0.9974023918189454,0.99626933220556
mq3,0.9778988176003102,0.9831094233672252,0.9905623887645596,0.9823252392112636,0.9583456977215458,0.9634307799843757,0.9963861624580757,0.9831760912086556
mq4,0.2986442004851426,0.637051014701732,0.3258357958667121,0.634276209654726,0.2862120175681336,0.2264571257712187,0.0,0.0
mq5,0.8619910730891963,0.6930115194592548,0.7978548448667206,0.7092270394946243,0.8405502790409924,0.5327017625709314,0.3607624846023585,0.0215083138141164
