,IDMAP,IncrementalPCA,LAMP,LandmarkMDS,MDS,ProjectionByClustering,MTSNE,UMAP
mq1,0.9575876310494544,0.8785873133538071,0.9559462035370114,0.8781107698824525,0.9493804934872392,0.7799957640580325,1.0,1.0
mq2,0.9846145409073248,0.9438218837637504,0.9824745389265056,0.944448249838285,0.9727014861779536,0.9011530448434047,0.9921322343793828,0.9889218372937172
mq3,0.9954773200738524,0.9851820065792676,0.9952870416237264,0.9909816961037964,0.9634323481483972,0.971432969745687,0.9977091901299084,0.9898839888684742
mq4,0.2216746705173525,0.4916960146000487,0.2278047030122656,0.4632863830025772,0.2284756925417883,0.0081484143003406,0.0,0.0
mq5,0.9246921964942524,0.7251314855981983,0.918853316057208,0.788947579751808,0.9064723424452376,0.8205648467282142,0.5757668410760653,0.2764984614075927
