,IDMAP,IncrementalPCA,LAMP,LandmarkMDS,MDS,ProjectionByClustering,MTSNE,UMAP
mq1,0.9962253193960512,0.9898373983739838,0.9994192799070848,0.9907084785133566,0.99637049941928,0.917828106852497,1.0,1.0
mq2,0.969563224482634,0.9654217889998604,0.9715706777534668,0.9681621551937146,0.9699340079951968,0.93066109581225,0.9783250552370448,0.968786742631778
mq3,0.9886714819284445,0.98506481027224,0.9918441056015316,0.9874613997204428,0.986742512411176,0.961477905778911,0.9940538858112116,0.9900313696280408
mq4,0.1348575357271031,0.2167438578219945,0.145076579812007,0.2049160599565363,0.1310377033503457,0.0404404683803345,0.0184339620302096,0.1429342951995407
mq5,0.97876421579532,0.96766132414872,0.9786601073261348,0.9716970239801596,0.9795293175999708,0.9337722340233204,0.8084164427401106,0.6426992839111553
