,IDMAP,IncrementalPCA,LAMP,LandmarkMDS,MDS,ProjectionByClustering,MTSNE,UMAP
mq1,0.99427969290983,0.967635104621406,0.9975914496462442,0.9768177028451,0.9890109890109888,0.9418937227156404,1.0,1.0
mq2,0.9587848696561492,0.9518894955557048,0.961100018070547,0.9535169681794678,0.952088496251244,0.918173963198352,0.968047228642491,0.9574995498411686
mq3,0.9832658068338764,0.9877747774321656,0.9896006088137408,0.987700794109066,0.9438185729916898,0.9624504945648736,0.9916679692653054,0.9873109774240132
mq4,0.1518307492698115,0.2293911990330497,0.1629479993774828,0.2281336984565254,0.1777699828930617,0.0,0.01805209049485,0.0
mq5,0.9592628819672444,0.9368642004962324,0.9675697135762596,0.9412422106638476,0.9472070853670448,0.9131966591546036,0.780640757482699,0.6635023476465399
