,IDMAP,IncrementalPCA,LAMP,LandmarkMDS,MDS,ProjectionByClustering,MTSNE,UMAP
mq1,0.6249168028075271,0.6034368003872451,0.7294729836025897,0.6209233375688268,0.7551884794578568,0.6856658800750287,0.9990318872148604,0.9996369577055726
mq2,0.8474040544872414,0.8327282628426211,0.9095962892442928,0.8370567826470933,0.9125095362971488,0.8706604923728933,0.9977413877227336,0.99714414452688
mq3,0.9719105422590244,0.9819938488791392,0.990916398568944,0.9818886953521576,0.9741444625107336,0.9576519660285104,0.997231017200738,0.9961893690402166
mq4,0.2875328156011435,0.6224886644023381,0.3506832259750274,0.6382535657259446,0.2733130203662047,0.1257682151162542,0.0,0.3102779756255662
mq5,0.8428216119979888,0.7502034281401854,0.78213467024536,0.6963947048387618,0.8608690912756599,0.5900852067007494,0.3139036412810697,1.0
