,IDMAP,IncrementalPCA,LAMP,LandmarkMDS,MDS,ProjectionByClustering,MTSNE,UMAP
mq1,0.832787243337702,0.769659239842726,0.8469855832241152,0.7370030581039755,0.8531017911751855,0.6853429445172564,0.9980340760157274,0.9980340760157274
mq2,0.9318607681873652,0.8908480200806175,0.9534841636427512,0.8755524477126198,0.9371946822202528,0.8593593846470987,0.997966035812725,0.9959187667342688
mq3,0.9863586971715822,0.9840252887245594,0.99248930472007,0.9821150263420004,0.9618872129217104,0.9652131830924812,0.9958671471248132,0.9925415979949024
mq4,0.2756461522141202,0.5927376226397953,0.2862357906787822,0.6242735162167,0.2654631162376427,0.0,0.0,0.2615432325025462
mq5,0.8858618742944973,0.7720007722028214,0.8533167615158216,0.7190843100033352,0.8756335917425091,0.6820975765877209,0.4032196390832331,0.9895164789759489
