,IDMAP,IncrementalPCA,LAMP,LandmarkMDS,MDS,ProjectionByClustering,MTSNE,UMAP
mq1,0.8036027020265198,0.6806354766074555,0.8243682762071552,0.6658744058043533,0.8273705278959219,0.7262947210407805,0.9964973730297724,0.9979984988741556
mq2,0.9218514239348832,0.8667692192663508,0.9433428962084074,0.8552201065033965,0.9315164976738745,0.8912637174609516,0.9975284292573984,0.9940621912057386
mq3,0.989731909896171,0.9812003122589512,0.9920446524106166,0.984193383764614,0.9655524136471052,0.9601389813359136,0.9950623887455822,0.978362419029126
mq4,0.2616379149175122,0.5959039065201908,0.3181820845464108,0.5613849674128244,0.2654794431197954,0.1204039444051892,0.0052188544507474,0.0
mq5,0.8843864128723287,0.7220817541135298,0.7980225669461606,0.7631986218600876,0.8697786183134215,0.6563558756263298,0.4757278225982441,0.2087673735271017
