,IDMAP,IncrementalPCA,LAMP,LandmarkMDS,MDS,ProjectionByClustering,MTSNE,UMAP
mq1,0.5008695652173913,0.4426335403726708,0.4198509316770186,0.4289689440993788,0.5055652173913042,0.4507329192546584,0.5196521739130435,0.7041739130434782
mq2,0.651459953094172,0.5585662271545133,0.6314427405817664,0.5832556324332047,0.6289730177850363,0.6449012499201823,0.7897891575457884,0.7577371130729162
mq3,0.876127604631707,0.7929503635905145,0.8765702986756193,0.8290371924037234,0.8214152875768822,0.7719118594686676,0.8874699446632446,0.8238804821321697
mq4,0.1904849176922347,0.7319642513809853,0.7243231424641947,0.7376724210037775,0.1936838464661549,0.6186171798231482,0.0,0.0
mq5,0.9408332616694546,0.76094875383989,0.7047179615847862,0.7807068869494251,0.9431949546656532,0.714441751085359,0.5192006111321827,0.5628322010477433
