,IDMAP,IncrementalPCA,LAMP,LandmarkMDS,MDS,ProjectionByClustering,MTSNE,UMAP
mq1,0.2941682189425418,0.317524000573148,0.3493337154320102,0.3421693652385728,0.2829918326407794,0.5242871471557531,0.6609829488465396,0.8954004871758132
mq2,0.7497200381207372,0.765506313202139,0.7666023279923805,0.7646840841272005,0.7449779067716042,0.8591884026463628,0.8659762248205062,0.8322125170062491
mq3,0.8432418379450144,0.8465316261737981,0.8517291951194064,0.8417767065322307,0.8265794195103421,0.812609081954644,0.9073299295161636,0.8376626547274393
mq4,0.3419205557189946,0.6128308241844201,0.5966426845927914,0.6208731474914242,0.3332094127202889,0.5074339563294258,0.0,0.0
mq5,0.7196018770273933,0.6250339372301457,0.6173337991318075,0.619163260456802,0.7392209663990332,0.5200309963022609,0.4659382302724583,0.0570349827464193
