,IDMAP,IncrementalPCA,LAMP,LandmarkMDS,MDS,ProjectionByClustering,MTSNE,UMAP
mq1,0.5642857142857143,0.5914285714285714,0.5842857142857142,0.57,0.5414285714285714,0.6385714285714286,0.6642857142857141,0.9671428571428572
mq2,0.7032744783306581,0.6647030497592296,0.6682664526484752,0.6394221508828251,0.7353451043338683,0.7554735152487961,0.8103049759229535,0.7319261637239165
mq3,0.7292134831460675,0.7168218298555378,0.7202568218298555,0.6661958266452649,0.7276083467094703,0.6832423756019261,0.8001765650080257,0.62338683788122
mq4,0.3909709414558698,0.7163207593392086,0.7054578035453861,0.7743109945637427,0.3873712810957365,0.0166281358020004,0.0078677046955453,0.0
mq5,0.4512718447059772,0.3253609447853634,0.3446337146956711,0.2245229334165119,0.4184117213612546,0.2313820825897279,0.361187209318997,0.1161245605391045
