,IDMAP,IncrementalPCA,LAMP,LandmarkMDS,MDS,ProjectionByClustering,MTSNE,UMAP
mq1,0.5857142857142857,0.5785714285714285,0.6442857142857141,0.59,0.6085714285714285,0.6014285714285714,0.6142857142857143,0.9142857142857144
mq2,0.7260192616372392,0.7044301765650081,0.702247191011236,0.6501765650080257,0.7375601926163724,0.7709791332263243,0.8525521669341894,0.7915248796147673
mq3,0.7838362760834671,0.7687158908507223,0.7554895666131621,0.7182343499197432,0.7695505617977528,0.6798715890850722,0.8131300160513644,0.6487640449438202
mq4,0.3784531185815923,0.6471430208408433,0.6292724138682179,0.7046381369035316,0.3678960542670595,0.0178940881203584,0.0,0.0
mq5,0.5422908496975856,0.3511043546285551,0.3962057934159979,0.2668261439312163,0.5073483204774956,0.2437263855734828,0.4004478785711785,0.1148716602582479
