,IDMAP,IncrementalPCA,LAMP,LandmarkMDS,MDS,ProjectionByClustering,MTSNE,UMAP
mq1,0.7182857142857142,0.6285714285714284,0.6,0.6794285714285714,0.6262857142857142,0.6822857142857143,0.7245714285714284,1.0
mq2,0.7452265391512254,0.6964471010161387,0.7101279139270771,0.7001171548117155,0.7486431560071727,0.8740514046622834,0.913391512253437,0.905709503885236
mq3,0.8271177525403467,0.8228284518828453,0.8277226539151226,0.8220777047220562,0.8300394500896593,0.7567794381350867,0.85347758517633,0.7336066945606694
mq4,0.3592680520905765,0.5613504032490945,0.5170832063334915,0.5706808284420798,0.3431893152473703,0.2727425763950822,0.001894061297706,0.0
mq5,0.560436867859616,0.4452226241065444,0.4722228090059051,0.4218499806040444,0.5917380255647086,0.3243206521171289,0.4400704678619117,0.2226072447847004
