,IDMAP,IncrementalPCA,LAMP,LandmarkMDS,MDS,ProjectionByClustering,MTSNE,UMAP
mq1,0.6028571428571428,0.5971428571428571,0.5557142857142856,0.6342857142857142,0.6171428571428571,0.6142857142857142,0.6371428571428571,1.0
mq2,0.7445906902086677,0.6982825040128411,0.6824077046548958,0.6585714285714286,0.737239165329053,0.7634831460674157,0.8437239165329053,0.7552006420545747
mq3,0.7973354735152488,0.7753772070626004,0.7406099518459068,0.7128731942215089,0.806083467094703,0.6712520064205458,0.8256179775280899,0.6451043338683788
mq4,0.3692167292285712,0.6515461543893961,0.6457964318811136,0.7037108376206337,0.3641668018217606,0.0136052060034238,0.0020527905032865,0.0
mq5,0.534181532729178,0.4410966459899753,0.4140713534912697,0.3142607249731522,0.5276524002096621,0.3204925975225232,0.4469597154893539,0.1173959442284073
