,IDMAP,IncrementalPCA,LAMP,LandmarkMDS,MDS,ProjectionByClustering,MTSNE,UMAP
mq1,0.6374285714285715,0.6242857142857142,0.5902857142857142,0.6514285714285714,0.6222857142857142,0.598,0.6285714285714284,1.0
mq2,0.788465089103126,0.7705410458661992,0.7761437335670465,0.7650423605024832,0.7979053461875548,0.7175413380075957,0.9762652643879638,0.9505988898626936
mq3,0.914273444347064,0.9313888401986562,0.9321431492842536,0.9325498101080923,0.9182787028921998,0.8328495471808355,0.9246602395559452,0.6552398480864738
mq4,0.3152641234998549,0.4453361779780475,0.3706489112142322,0.4452187866099079,0.2983771350982585,0.0247650577150626,0.0068509778990621,0.0
mq5,0.6849558607525197,0.587610599190946,0.6213351998482367,0.5998186380650306,0.7143667388974116,0.346428345606385,0.4965444609310155,0.1629713798080614
