,IDMAP,IncrementalPCA,LAMP,LandmarkMDS,MDS,ProjectionByClustering,MTSNE,UMAP
mq1,0.6165714285714284,0.5805714285714285,0.6042857142857142,0.5602857142857143,0.5831428571428571,0.618,0.6648571428571429,1.0
mq2,0.6663499853929302,0.6305749342681859,0.6277768039731231,0.6123359626059013,0.6464177621969034,0.7738323108384458,0.828100496640374,0.7453099620216185
mq3,0.7400297984224364,0.7086134969325153,0.7159345603271984,0.6986497224656734,0.730186970493719,0.6630879345603272,0.7799158632778265,0.6512889278410752
mq4,0.3960987492770645,0.7395602349299932,0.7265391693053549,0.7552838317591918,0.3898084692330542,0.0042285521094154,0.003051726657222,0.0
mq5,0.4263490979806653,0.2525155712459534,0.2561926885990512,0.2276806839001816,0.4143885263871539,0.1598195461789506,0.300365210034809,0.1027926244427392
