,IDMAP,IncrementalPCA,LAMP,LandmarkMDS,MDS,ProjectionByClustering,MTSNE,UMAP
mq1,0.6242857142857142,0.5485714285714285,0.5914285714285714,0.5885714285714285,0.6199999999999999,0.7114285714285715,0.7157142857142854,0.9657142857142856
mq2,0.7874478330658106,0.7128250401284109,0.7265810593900481,0.7096308186195827,0.778876404494382,0.7115890850722312,0.8848635634028893,0.8484109149277689
mq3,0.8350561797752809,0.8040770465489566,0.8100963081861958,0.7974157303370787,0.8295826645264848,0.7391171749598716,0.8424879614767256,0.7013804173354735
mq4,0.3406380395718859,0.5593629161633309,0.5161436559326311,0.593593517453268,0.3332940570953728,0.0200523290737019,0.0103364998649203,0.0
mq5,0.6032732574202601,0.4887423289132485,0.5018416500985049,0.4312733849570349,0.6237385422308445,0.2842665053730381,0.5163479942238223,0.2012924842210311
