,IDMAP,IncrementalPCA,LAMP,LandmarkMDS,MDS,ProjectionByClustering,MTSNE,UMAP
mq1,1.0,1.0,1.0,1.0,1.0,1.0,1.0,1.0
mq2,0.7646289870651869,0.764547076079143,0.7623189054938986,0.7640789986258678,0.7603070525085034,0.7838548515411319,0.7764757743464654,0.7639521941186268
mq3,0.7864997339947577,0.7776067760383792,0.7720525126126482,0.7753192953244442,0.7901988094690195,0.7599806413383652,0.8818398755281752,0.8382213508792693
mq4,0.3670154913134577,0.6559705958570122,0.6580872352849721,0.6601311856421244,0.3561952638173842,0.4268118638458075,0.0,0.0
mq5,0.7307932896598447,0.8496709701708361,0.8478041958287652,0.84792798065654,0.7656651389740894,0.7491158661041613,0.7945825285060929,0.7498200754995523
