,IDMAP,IncrementalPCA,LAMP,LandmarkMDS,MDS,ProjectionByClustering,MTSNE,UMAP
mq1,1.0,1.0,1.0,1.0,1.0,1.0,1.0,1.0
mq2,0.7604959751297427,0.763451927565485,0.7623054477106564,0.7635227435851918,0.7629056374482783,0.788791152736868,0.7789401923784978,0.7626913059843783
mq3,0.813393863908321,0.7751929702293289,0.7753502858939968,0.7694751930250193,0.8132879138285469,0.7544479514582895,0.8819413396802019,0.8377011887229119
mq4,0.2538386349331543,0.4329396801441936,0.4333736334524356,0.4363482418406762,0.2479781510872444,0.2911193953395559,0.0,0.0
mq5,0.8691850135718674,0.8735568859140043,0.8729790622605085,0.8720922029613847,0.8774289304952427,0.7276351927606441,0.7910113427050826,0.7556220979735548
