,IDMAP,IncrementalPCA,LAMP,LandmarkMDS,MDS,ProjectionByClustering,MTSNE,UMAP
mq1,1.0,1.0,1.0,1.0,1.0,1.0,1.0,1.0
mq2,0.7707569698304579,0.7723102308739217,0.7737228529459464,0.7701535611828494,0.7686352287371134,0.7609807977636931,0.7849581843046497,0.7665169805035417
mq3,0.8207718453038432,0.7955007651417526,0.7942907974239953,0.7934942884209096,0.8155568686881969,0.7957685168139421,0.8837787893830212,0.8416980133709412
mq4,0.0761110252023296,0.1266215879132598,0.1266522545403213,0.1273839927726836,0.0744276721065748,0.004538295506446,0.0,0.0
mq5,0.8991487561298797,0.8891687447456157,0.8883593169676018,0.8895413880052787,0.9029233110833256,0.7720956884130843,0.7960666599884832,0.7564402353214275
