,IDMAP,IncrementalPCA,LAMP,LandmarkMDS,MDS,ProjectionByClustering,MTSNE,UMAP
mq1,1.0,1.0,1.0,1.0,1.0,1.0,1.0,1.0
mq2,0.7744425190340312,0.7731636187013465,0.7717419562863805,0.772763720501087,0.7730068166925275,0.7968314077402868,0.7893998349178589,0.7650853531651063
mq3,0.8055199306687881,0.7944478391388772,0.7961768732138474,0.7912938552515079,0.7976911306565152,0.7749023779937233,0.8829158475568062,0.8442154749303072
mq4,0.3624599918698006,0.6351386116022816,0.6338842999390409,0.6395683046174662,0.3496304672556425,0.0182022491181941,0.0051619575566564,0.0
mq5,0.7853226302655562,0.8527237063079952,0.8549720387646128,0.8527282773437527,0.7702204541715663,0.7555539803074273,0.7970316738750125,0.7485409133135363
