,IDMAP,IncrementalPCA,LAMP,LandmarkMDS,MDS,ProjectionByClustering,MTSNE,UMAP
mq1,1.0,1.0,0.9999302455357144,1.0,1.0,1.0,1.0,1.0
mq2,0.7670753244113366,0.766880991281822,0.7610209998948033,0.7663052858063328,0.7647789403293535,0.7795242190787397,0.7821967019733151,0.7623496221136651
mq3,0.8090131671225191,0.7847940883827758,0.7774904501104566,0.7816639038830738,0.8017872621020057,0.7701506847100954,0.88229682377139,0.8377089962918157
mq4,0.3486814467016155,0.6174405821845654,0.5995658602353146,0.6230293555552404,0.3414515038658532,0.4216470241419409,0.0011005961761265,0.0
mq5,0.7943715448325063,0.855440262213075,0.8437367288910606,0.854543269306366,0.7916876315104394,0.755372517077326,0.8004835584894024,0.7497308812279689
