,IDMAP,IncrementalPCA,LAMP,LandmarkMDS,MDS,ProjectionByClustering,MTSNE,UMAP
mq1,0.5889234732209938,0.5452398840828593,0.660620371364173,0.5509284104325426,0.6481700118063755,0.7703659976387249,1.0,1.0
mq2,0.8564410375375207,0.8498001790896099,0.8965037039208332,0.8426509270460251,0.8953929467099299,0.9222628660888356,0.9962041334905464,0.994250540914672
mq3,0.9534574307106736,0.9749362402688296,0.9842331182009644,0.9752756821662676,0.9758559804386888,0.970260108285366,0.9970020486759844,0.995148762314435
mq4,0.32304278194365,0.4787317180215915,0.3262090914564872,0.4700076859362587,0.2986809932643447,0.3034109700136282,0.0007414661687483,0.0147193375300611
mq5,0.7043637010323477,0.6548866153846864,0.714470879413806,0.663611367032325,0.7452105278162484,0.5687885391503852,0.3445014729772058,0.5399415483117983
