,IDMAP,IncrementalPCA,LAMP,LandmarkMDS,MDS,ProjectionByClustering,MTSNE,UMAP
mq1,0.984422171235358,0.9537495471561404,0.9641347663325686,0.9613573239946864,0.9696896510083324,0.9836976210602584,1.0,1.0
mq2,0.9022476510849912,0.8899943865907936,0.895463545193508,0.8892032750657062,0.8993478018062648,0.9059311932863297,0.9774722801857784,0.9486105163635824
mq3,0.9445134901103848,0.9437013592116168,0.9496335622521724,0.9445565592192005,0.9411298861285734,0.9231825351260524,0.9721025514634636,0.9721354199938756
mq4,0.2457661162649002,0.3344032843411667,0.2943644688667877,0.3353353066527972,0.2316104568209828,0.3375396999177551,0.0,0.0
mq5,0.8819158271944701,0.8845456927936448,0.8762277075678812,0.8824013684669064,0.905777777021054,0.7276105195060526,0.7093385704508787,0.6732343746769079
