,IDMAP,IncrementalPCA,LAMP,LandmarkMDS,MDS,ProjectionByClustering,MTSNE,UMAP
mq1,0.9790808584435292,0.872317363971385,0.988185562540646,0.9783221331021028,0.9786473011055712,0.9862345545198354,1.0,1.0
mq2,0.8946306395003907,0.8418989380167257,0.899469928884323,0.8845568169925285,0.896272484981816,0.9047667423374048,0.98291843797949,0.9447894419002484
mq3,0.9416510440621304,0.92367226382445,0.9529934447258348,0.9441391888231772,0.9387242003114514,0.933750813334658,0.9742938978048632,0.9748901635393538
mq4,0.2269813140153082,0.4244655505993717,0.2706726481109821,0.3267506217880686,0.2234036887763092,0.2405246742978857,0.0313419295641611,0.0
mq5,0.903681361989022,0.8376262608881844,0.8996875265708678,0.8983961928300155,0.9102464189183366,0.7386487482684746,0.7471901706248248,0.7261636868358843
