,IDMAP,IncrementalPCA,LAMP,LandmarkMDS,MDS,ProjectionByClustering,MTSNE,UMAP
mq1,0.9942974119023248,0.8749817224740459,0.9883023833893844,0.9732417020032168,0.985670419651996,0.9915192279573036,1.0,1.0
mq2,0.9038405358138092,0.8547181143829522,0.9024814144428632,0.8813224724716997,0.8993290520783098,0.9158999187766425,0.9787788463255892,0.9404335807572995
mq3,0.945486048987705,0.9319926181500148,0.950476002781514,0.9395172069094648,0.922183300804635,0.9278648489345452,0.9697428613205774,0.9733517455756278
mq4,0.2285425467501296,0.3525306144412894,0.265171338263502,0.3447120900223593,0.2347683536181421,0.318497858233229,0.0,0.0685593171061782
mq5,0.9066944553401788,0.872125539748803,0.8902251977809469,0.8694891975406402,0.8873444002364377,0.7434409230196217,0.7456437263911705,0.7440504594977396
