,IDMAP,IncrementalPCA,LAMP,LandmarkMDS,MDS,ProjectionByClustering,MTSNE,UMAP
mq1,0.9985211475894706,0.9801833776989056,0.9998521147589472,0.9881691807157644,0.9903874593315588,0.9912747707778764,1.0,1.0
mq2,0.9046987244704392,0.8895737033716287,0.9050898848043656,0.8921515521756165,0.9042682313080024,0.9024457586358012,0.9749070490932544,0.9376413620308128
mq3,0.9456778021930374,0.943218261581892,0.9497321806027214,0.9426341535931468,0.9424028022317508,0.9258604056236652,0.9699960202610522,0.9717881416167652
mq4,0.2329524856687192,0.3550991498119087,0.2644790802806519,0.3437378623473366,0.2254544265694594,0.285784057943696,0.0263476610712262,0.0
mq5,0.9041501795533754,0.8250626414554781,0.8912500717071564,0.8535671268296531,0.9032806349798004,0.7557921198704632,0.7780769210158456,0.6649047733091318
