,IDMAP,IncrementalPCA,LAMP,LandmarkMDS,MDS,ProjectionByClustering,MTSNE,UMAP
mq1,0.5901994796183868,0.5299838929500681,0.6970635608970387,0.518523107421633,0.6553710816503531,0.7514558295130715,0.9988848965431794,1.0
mq2,0.8680497350718258,0.8005449727351671,0.9004942518589781,0.8120821230101369,0.9044130671445604,0.9139664885902324,0.9961253731520556,0.9942244605272
mq3,0.9526819034446196,0.971319625469924,0.9844142494619512,0.9737955546485724,0.976922919114644,0.9643580974839584,0.997027848433389,0.9949546089998108
mq4,0.3415297481896246,0.5125500644499559,0.3356738659844945,0.4908854645033536,0.3082755524134614,0.2596275731195523,0.0254447131409698,0.0
mq5,0.6442940013447265,0.5525212762901358,0.6460930458080877,0.6431339746694054,0.7126701925932556,0.5417145829584832,0.3696191438856944,0.4708899696204757
