,IDMAP,IncrementalPCA,LAMP,LandmarkMDS,MDS,ProjectionByClustering,MTSNE,UMAP
mq1,0.5708994708994708,0.503505291005291,0.6416666666666667,0.5329365079365079,0.6875,0.7867063492063492,0.999537037037037,1.0
mq2,0.8689333478595926,0.7961302906975313,0.8841774567228267,0.8273698730306455,0.9106222655547924,0.9168685570500368,0.9960160195095048,0.9944219164321536
mq3,0.9440313693338356,0.9688013804870482,0.98126506483882,0.9734344878016352,0.976600258271966,0.9654303342763092,0.9967071247608706,0.9951118521965427
mq4,0.3480069863311734,0.5083088615587239,0.3609187741211765,0.493279179796769,0.3069661228448552,0.3832640340452757,0.0172557390758547,0.0270014503785485
mq5,0.6266743222614095,0.5443133541826632,0.6561734925585041,0.5863822773294234,0.7188706193924524,0.5392487392837757,0.4219970878342674,1.0
