,IDMAP,IncrementalPCA,LAMP,LandmarkMDS,MDS,ProjectionByClustering,MTSNE,UMAP
mq1,0.5748060583671961,0.4927964536387144,0.6594015515330625,0.5006596654177001,0.6748641089239538,0.7807799883898886,0.9987862156314316,0.9993667211990078
mq2,0.8469074728621085,0.8206143054925035,0.893260321747599,0.8247260568074888,0.9014709246888376,0.9270106249587954,0.9962689363124164,0.9943028005987647
mq3,0.9414922970653854,0.9719926617018068,0.983325204637217,0.9725749485617572,0.961011444431586,0.9721557380399332,0.997110645895832,0.9953634133977928
mq4,0.3573404219872491,0.5099188679853986,0.3437215434430765,0.4955403211780922,0.3107158189557771,0.3254339625268349,0.0076112288239454,0.0
mq5,0.603477505106822,0.591006343836362,0.6609199742259685,0.6099743941010131,0.7093295658085571,0.5579526792689568,0.2040465920879841,0.9761890439964248
