,IDMAP,IncrementalPCA,LAMP,LandmarkMDS,MDS,ProjectionByClustering,MTSNE,UMAP
mq1,0.998457682668209,0.9946018893387314,0.9977829188355504,0.9930595720069404,0.9929631771737034,0.9931559668401774,0.9992288413341044,1.0
mq2,0.9173480162782106,0.9117666178205016,0.917891588774268,0.9087751014832484,0.9139134506768412,0.8987818209436156,0.9818889114749432,0.9660491630687345
mq3,0.9556765940894174,0.956348540126135,0.9600270744318832,0.9546956079211258,0.9498668886303506,0.9295311174448174,0.9747160480818214,0.9728614141115484
mq4,0.2036423364485645,0.3098742540850192,0.2264956345327063,0.2981976562539782,0.2078705010761233,0.2235022928294119,0.0566781062926559,0.0
mq5,0.9373627159903684,0.8570676438937087,0.9117886450441924,0.9046678685385452,0.9193143823865368,0.7367714989032454,0.7553826124578449,0.5075775193659516
