,IDMAP,IncrementalPCA,LAMP,LandmarkMDS,MDS,ProjectionByClustering,MTSNE,UMAP
mq1,0.9902471461819792,0.9546713953230632,0.9817133990912112,0.9520115260999668,0.9526764934057408,0.9974509586611991,1.0,1.0
mq2,0.8880154472217323,0.8698115769871362,0.8921374120076029,0.8659626060821441,0.8859560257849137,0.890357141556346,0.9748774519368604,0.9377130813499218
mq3,0.9329972594813776,0.9301526771177882,0.9426796101147876,0.927702496333054,0.8759744051759917,0.9195084306372672,0.968838199440588,0.96894651245114
mq4,0.2186307906810854,0.3069738118820651,0.2559508604457126,0.3071184967541146,0.2490257699364421,0.282885108010402,0.0,0.0
mq5,0.9170006195909838,0.9148755000651534,0.920030162530514,0.9169621682264962,0.8683229015203703,0.799341132008685,0.714773122524807,0.6576884317517994
