,IDMAP,IncrementalPCA,LAMP,LandmarkMDS,MDS,ProjectionByClustering,MTSNE,UMAP
mq1,0.6357715732979556,0.4918289814870649,0.6835313272628595,0.5399505517698848,0.7200747753723692,0.6738828921184346,1.0,1.0
mq2,0.8839557786193561,0.834553760130307,0.9081123883114608,0.8359858602142041,0.9199964483283692,0.9034269846333428,0.9960049831835202,0.9940532005016328
mq3,0.9561556008618736,0.970972424062432,0.9842003038459172,0.973543575517546,0.967745947250618,0.9747982198882664,0.9967877932974166,0.9951996938115344
mq4,0.3227123452518003,0.4939611191595356,0.3185819932243955,0.4782727552133965,0.2966753307814281,0.264263248138655,0.0032295916743336,0.0
mq5,0.6785983535832842,0.5863271709833895,0.7328283500876606,0.6215722479154706,0.7626591785080133,0.6390834411680261,0.2950854757119553,1.0
