,IDMAP,IncrementalPCA,LAMP,LandmarkMDS,MDS,ProjectionByClustering,MTSNE,UMAP
mq1,0.9785202863961814,0.9226048414592568,0.9619843163995908,0.9341970678486192,0.9653937947494032,0.9619843163995908,0.9977838390726218,1.0
mq2,0.9024062589282364,0.8746905393365988,0.8918003900904975,0.8752161844268057,0.8901760436940935,0.8839511690140671,0.9796488773251548,0.9479283605521294
mq3,0.9443418119542824,0.9401376819092748,0.9462477392107738,0.9397858089018304,0.9353151458757888,0.9212835139972072,0.9708518460037162,0.9687801859423126
mq4,0.233366671195062,0.3458194854886712,0.2855461032917595,0.3431270570687209,0.2342325933503995,0.2284376614327885,0.0,0.0
mq5,0.8923959557342044,0.8658588015631654,0.879086287354913,0.8705462134231279,0.8939260303275616,0.7069801236932995,0.7397335887197202,0.62453740812774
