,IDMAP,IncrementalPCA,LAMP,LandmarkMDS,MDS,ProjectionByClustering,MTSNE,UMAP
mq1,0.6965714285714286,0.6519999999999999,0.705,0.6998571428571427,0.6998571428571428,0.708,0.7215714285714284,0.9271428571428572
mq2,0.8373196591073234,0.7770869565217391,0.8164927054745053,0.797320959121768,0.8382249024989167,0.8645399393326593,0.9731333237035968,0.9421707352303914
mq3,0.908188935432616,0.89374938610429,0.9212032355915064,0.9161006788964322,0.9138405315614618,0.8864109490105445,0.9523300592228804,0.8388113534594829
mq4,0.3436724182510458,0.5815679885410168,0.5075471911831283,0.5704371908779597,0.3249333573104532,0.0,0.0,0.0
mq5,0.673280586494922,0.50873186912196,0.5524184465063101,0.529856228468594,0.7138483846684089,0.5156586425135709,0.459449381494731,0.3782899533815444
