,IDMAP,IncrementalPCA,LAMP,LandmarkMDS,MDS,ProjectionByClustering,MTSNE,UMAP
mq1,0.7777777777777778,0.7878306878306879,0.7703703703703704,0.7798941798941799,0.7772486772486772,0.7777777777777777,0.7767195767195767,0.9862433862433864
mq2,0.9069620641049212,0.9159179587751016,0.9206369634941064,0.9068926068926068,0.9193887765316336,0.9597781454924312,0.9863966006823148,0.9487528344671202
mq3,0.9615819901534188,0.9624073052644482,0.9652284937999224,0.9617433760290904,0.9578190435333293,0.9547833547833549,0.9757676043390328,0.83567649281935
mq4,0.2793850220670449,0.4232014470483424,0.3624027836942987,0.4373380965446198,0.2785405041266631,0.0833014608413059,0.0129035945368744,0.0279598020064042
mq5,0.813639714134072,0.7008789595738908,0.6939545251132312,0.6783833145121064,0.8057186210833097,0.6623205107963126,0.6951274662674161,0.3671336749890753
