,IDMAP,IncrementalPCA,LAMP,LandmarkMDS,MDS,ProjectionByClustering,MTSNE,UMAP
mq1,0.3435714285714285,0.3485714285714285,0.3585714285714285,0.3571428571428571,0.3614285714285714,0.3678571428571427,0.3757142857142856,0.8335714285714286
mq2,0.8638321995464853,0.83067649281935,0.8322184429327286,0.8394860166288738,0.8584126984126984,0.898265306122449,0.9508767951625094,0.8619652305366591
mq3,0.9074263038548752,0.920551776266062,0.9166855631141344,0.9059712773998488,0.8972713529856386,0.8765381708238851,0.947180650037793,0.8068216175359033
mq4,0.2760148121972641,0.4283717475591866,0.3956002135013393,0.4425711096867099,0.2743167881031562,0.1406258892200629,0.0,0.2248968128448782
mq5,0.8423868811574047,0.779425139232131,0.7461502042286877,0.7712565484270012,0.8199183909814448,0.6328314079782039,0.7595621936950032,0.5017428911857205
