,IDMAP,IncrementalPCA,LAMP,LandmarkMDS,MDS,ProjectionByClustering,MTSNE,UMAP
mq1,0.8009216589861751,0.7834101382488479,0.8027649769585252,0.8055299539170507,0.7953917050691244,0.7889400921658986,0.8018433179723502,0.927188940092166
mq2,0.9058115719406042,0.8554979518689196,0.9084613415258576,0.8408602150537634,0.8968958013312852,0.9064452124935996,0.9531874039938556,0.921153353814644
mq3,0.9354070660522272,0.9273297491039426,0.9366039426523296,0.9155465949820788,0.9106502816180236,0.9114695340501792,0.9545442908346136,0.8929595494111623
mq4,0.2895965738584028,0.4644025842256624,0.3992654494375147,0.5075295667238363,0.2819289390999892,0.1521041867126862,0.0026749138412679,0.0
mq5,0.8216232407086473,0.7473282157705977,0.737044800866715,0.6565632928631538,0.8122287258571348,0.7012284632681333,0.7358067133627871,0.3346886871470863
