,IDMAP,IncrementalPCA,LAMP,LandmarkMDS,MDS,ProjectionByClustering,MTSNE,UMAP
mq1,0.58003300330033,0.5816831683168316,0.5357142857142857,0.5875176803394625,0.5722536539368223,0.5783828382838283,0.581093823668081,0.9586869401225836
mq2,0.9979432531199364,0.9977009452765772,0.9181185598282756,0.9975574070046872,0.9969544094898508,0.8199374781773956,0.9981981880326448,0.989000625833704
mq3,0.998748845490197,0.9988142522440036,0.9053042093031752,0.9986601629199684,0.9977950987627328,0.940792746464274,0.9968929593805984,0.93736983372128
mq4,0.003790362728318,0.0063701733087507,0.0071832041613575,0.0067881071399392,0.0052598154050557,0.1548813394883405,0.0529329666624776,0.433203112306058
mq5,0.9998849892442428,0.9997213887382818,0.9953785192609984,0.9996865528350486,0.999854134471611,0.9050655453531103,0.447830000649012,0.8643873810123973
