,IDMAP,IncrementalPCA,LAMP,LandmarkMDS,MDS,ProjectionByClustering,MTSNE,UMAP
mq1,0.944454765000929,0.9448263050343676,0.9509102730819246,0.9451049600594464,0.9440367824633104,0.9506316180568456,0.9543470183912316,0.9541148058703326
mq2,0.7343326325793333,0.6750423437448387,0.6996524918790016,0.6825319362296687,0.7230844853549283,0.8870040387553227,0.9386661803714732,0.9315301418670764
mq3,0.890942166126883,0.8702871161977818,0.8861256617488625,0.8774184119603161,0.8826402313609487,0.8571879965294645,0.9290094276010604,0.9200848147709286
mq4,0.3594300572035435,0.695938141309628,0.6647792926445997,0.700149287731543,0.3532815131374178,0.6932601254935267,0.0188235053695602,0.6599040717635313
mq5,0.6515170405474406,0.5271447182690159,0.5073759129716959,0.5300653262950944,0.6699600903151236,0.4313632151428107,0.4551741688040695,0.4303380790302701
