,IDMAP,IncrementalPCA,LAMP,LandmarkMDS,MDS,ProjectionByClustering,MTSNE,UMAP
mq1,0.7286490683229813,0.6979813664596274,0.6913819875776397,0.7107919254658385,0.7197204968944099,0.7119565217391305,0.734472049689441,0.966614906832298
mq2,0.8284074499364964,0.8136015275675488,0.8114550167893244,0.8136939558432068,0.8011682934043183,0.8403089496668232,0.9368182055430868,0.9099639855942376
mq3,0.9020880091166902,0.9072063608051916,0.90975411903892,0.9018792299528507,0.8628886337143553,0.8435069680045931,0.9219633505576144,0.7719968422151469
mq4,0.3068813215296521,0.4928281609821542,0.4430480982352672,0.5087705282650276,0.3018373209723948,0.0,0.0,0.0
mq5,0.7886106867596436,0.7200417066939653,0.7150014804035578,0.7072904450383407,0.767668479067851,0.5820345849252047,0.6963261920307369,0.2470001821073579
