,IDMAP,IncrementalPCA,LAMP,LandmarkMDS,MDS,ProjectionByClustering,MTSNE,UMAP
mq1,0.5965714285714285,0.5944175824175824,0.5893626373626373,0.5888351648351647,0.5760879120879121,0.5908571428571429,0.6532307692307693,1.0
mq2,0.6972401331302227,0.6816369589040167,0.6836940176217732,0.679684626580582,0.6187607761179852,0.6649560134215893,0.8548533701556239,0.6777943538400469
mq3,0.7397471068604135,0.6059887701060902,0.6079739575028245,0.605870065716932,0.6687110185276286,0.6427631238782829,0.8292353154718082,0.6588330002815955
mq4,0.4130477825810316,0.8029000907278107,0.802337847062556,0.8076344464595111,0.4076184780993672,0.0,0.0066700567841202,0.0
mq5,0.5242362316022073,0.158120624863071,0.1686678725032427,0.1601027918191524,0.3864211901441699,0.2473018372496773,0.3924896115644088,0.0611187994061381
