,IDMAP,IncrementalPCA,LAMP,LandmarkMDS,MDS,ProjectionByClustering,MTSNE,UMAP
mq1,0.9507142857142856,0.8345238095238094,0.9166666666666666,0.825,0.949047619047619,0.895952380952381,0.9969047619047618,1.0
mq2,0.940476594712588,0.9188127577007034,0.9375361791575714,0.9149304713396396,0.922506669900558,0.9320607971541758,0.9881344490257904,0.9836951249090468
mq3,0.9403229848815589,0.9534905812919396,0.9613893604980192,0.9533478858436414,0.8735605141886975,0.9461197348209232,0.98721359851241,0.9838580321772172
mq4,0.1994836763029238,0.2959873401514368,0.2463762912775216,0.305488686051741,0.2035848057085356,0.0454277295630874,0.0042541544016215,0.0
mq5,0.9349397062966364,0.937928848748938,0.9554190643525604,0.9303800646605468,0.9253432765085126,0.8766192070478194,0.6943066245652224,0.4824410831613626
